t_s,hip_deg,hip_vel_dps,knee_deg,knee_vel_dps,ankle_deg,ankle_vel_dps,foot_strike,mid_swing,toe_off,steady_state
0,-0.232008,0.0231417,0.230525,0.0159388,0.12611,-0.055143,0,0,0,1
0.01,-0.231776,0.0231224,0.230685,0.0158584,0.125559,-0.0558408,0,0,0,1
0.02,-0.231545,0.0230838,0.230843,0.0156966,0.124993,-0.0572394,0,0,0,1
0.03,-0.231315,0.0230457,0.230999,0.0155329,0.124414,-0.0586445,0,0,0,1
0.04,-0.231085,0.0230081,0.231153,0.0153673,0.123821,-0.0600559,0,0,0,1
0.05,-0.230855,0.0229708,0.231306,0.0151997,0.123213,-0.0614738,0,0,0,1
0.06,-0.230625,0.022934,0.231457,0.0150303,0.122591,-0.062898,0,0,0,1
0.07,-0.230396,0.0228977,0.231607,0.0148588,0.121955,-0.0643286,0,0,0,1
0.08,-0.230167,0.0228618,0.231754,0.0146855,0.121305,-0.0657657,0,0,0,1
0.09,-0.229939,0.0228263,0.2319,0.0145102,0.12064,-0.0672092,0,0,0,1
0.1,-0.229711,0.0227913,0.232045,0.0143329,0.11996,-0.0686591,0,0,0,1
0.11,-0.229483,0.0227567,0.232187,0.0141537,0.119266,-0.0701155,0,0,0,1
0.12,-0.229255,0.0227226,0.232328,0.0139724,0.118558,-0.0715784,0,0,0,1
0.13,-0.229028,0.022689,0.232467,0.0137892,0.117835,-0.0730477,0,0,0,1
0.14,-0.228802,0.0226558,0.232604,0.0136039,0.117097,-0.0745235,0,0,0,1
0.15,-0.228575,0.0226231,0.232739,0.0134167,0.116344,-0.0760059,0,0,0,1
0.16,-0.228349,0.0225909,0.232872,0.0132274,0.115577,-0.0774947,0,0,0,1
0.17,-0.228123,0.0225592,0.233003,0.0130361,0.114795,-0.07899,0,0,0,1
0.18,-0.227898,0.0225279,0.233133,0.0128428,0.113997,-0.0804919,0,0,0,1
0.19,-0.227673,0.0224971,0.23326,0.0126474,0.113185,-0.0820003,0,0,0,1
0.2,-0.227448,0.0224668,0.233386,0.0124499,0.112357,-0.0835152,0,0,0,1
0.21,-0.227224,0.022437,0.233509,0.0122504,0.111514,-0.0850367,0,0,0,1
0.22,-0.226999,0.0224077,0.233631,0.0120488,0.110656,-0.0865647,0,0,0,1
0.23,-0.226775,0.0223789,0.23375,0.0118451,0.109783,-0.0880994,0,0,0,1
0.24,-0.226552,0.0223506,0.233867,0.0116393,0.108894,-0.0896406,0,0,0,1
0.25,-0.226328,0.0223228,0.233983,0.0114315,0.10799,-0.0911884,0,0,0,1
0.26,-0.226105,0.0222955,0.234096,0.0112215,0.107071,-0.0927428,0,0,0,1
0.27,-0.225883,0.0222687,0.234207,0.0110093,0.106135,-0.0943038,0,0,0,1
0.28,-0.22566,0.0222424,0.234316,0.0107951,0.105185,-0.0958715,0,0,0,1
0.29,-0.225438,0.0222167,0.234423,0.0105786,0.104218,-0.0974457,0,0,0,1
0.3,-0.225216,0.0221915,0.234528,0.0103601,0.103236,-0.0990267,0,0,0,1
0.31,-0.224994,0.0221668,0.23463,0.0101394,0.102237,-0.100614,0,0,0,1
0.32,-0.224772,0.0221427,0.234731,0.00991646,0.101223,-0.102208,0,0,0,1
0.33,-0.224551,0.022119,0.234829,0.00969138,0.100193,-0.103809,0,0,0,1
0.34,-0.22433,0.022096,0.234924,0.00946411,0.0991472,-0.105417,0,0,0,1
0.35,-0.224109,0.0220734,0.235018,0.00923464,0.098085,-0.107031,0,0,0,1
0.36,-0.223888,0.0220514,0.235109,0.00900295,0.0970066,-0.108652,0,0,0,1
0.37,-0.223668,0.02203,0.235198,0.00876905,0.0959119,-0.11028,0,0,0,1
0.38,-0.223448,0.0220091,0.235285,0.00853291,0.094801,-0.111914,0,0,0,1
0.39,-0.223228,0.0219888,0.235369,0.00829454,0.0936737,-0.113555,0,0,0,1
0.4,-0.223008,0.021969,0.23545,0.00805391,0.0925299,-0.115203,0,0,0,1
0.41,-0.222788,0.0219499,0.23553,0.00781103,0.0913696,-0.116857,0,0,0,1
0.42,-0.222569,0.0219312,0.235607,0.00756588,0.0901927,-0.118519,0,0,0,1
0.43,-0.22235,0.0219132,0.235681,0.00731845,0.0889992,-0.120187,0,0,0,1
0.44,-0.222131,0.0218957,0.235753,0.00706873,0.087789,-0.121861,0,0,0,1
0.45,-0.221912,0.0218788,0.235822,0.00681672,0.086562,-0.123543,0,0,0,1
0.46,-0.221693,0.0218625,0.235889,0.00656239,0.0853181,-0.125231,0,0,0,1
0.47,-0.221475,0.0218468,0.235954,0.00630575,0.0840574,-0.126926,0,0,0,1
0.48,-0.221256,0.0218317,0.236015,0.00604679,0.0827796,-0.128628,0,0,0,1
0.49,-0.221038,0.0218172,0.236075,0.00578548,0.0814848,-0.130337,0,0,0,1
0.5,-0.22082,0.0218033,0.236131,0.00552183,0.0801729,-0.132053,0,0,0,1
0.51,-0.220602,0.02179,0.236185,0.00525583,0.0788438,-0.133775,0,0,0,1
0.52,-0.220384,0.0217773,0.236236,0.00498745,0.0774974,-0.135504,0,0,0,1
0.53,-0.220166,0.0217652,0.236285,0.0047167,0.0761337,-0.13724,0,0,0,1
0.54,-0.219949,0.0217538,0.236331,0.00444357,0.0747526,-0.138983,0,0,0,1
0.55,-0.219731,0.0217429,0.236374,0.00416804,0.073354,-0.140732,0,0,0,1
0.56,-0.219514,0.0217327,0.236414,0.00389011,0.0719379,-0.142489,0,0,0,1
0.57,-0.219297,0.0217231,0.236451,0.00360976,0.0705042,-0.144252,0,0,0,1
0.58,-0.21908,0.0217142,0.236486,0.00332698,0.0690529,-0.146023,0,0,0,1
0.59,-0.218862,0.0217059,0.236518,0.00304177,0.0675838,-0.1478,0,0,0,1
0.6,-0.218645,0.0216982,0.236547,0.00275412,0.0660969,-0.149584,0,0,0,1
0.61,-0.218428,0.0216912,0.236573,0.00246401,0.0645921,-0.151374,0,0,0,1
0.62,-0.218212,0.0216848,0.236596,0.00217143,0.0630694,-0.153172,0,0,0,1
0.63,-0.217995,0.0216791,0.236617,0.00187638,0.0615287,-0.154977,0,0,0,1
0.64,-0.217778,0.021674,0.236634,0.00157885,0.0599699,-0.156788,0,0,0,1
0.65,-0.217561,0.0216696,0.236648,0.00127882,0.0583929,-0.158607,0,0,0,1
0.66,-0.217345,0.0216659,0.236659,0.000976293,0.0567977,-0.160432,0,0,0,1
0.67,-0.217128,0.0216629,0.236668,0.000671247,0.0551843,-0.162265,0,0,0,1
0.68,-0.216911,0.0216605,0.236673,0.000363678,0.0535524,-0.164104,0,0,0,1
0.69,-0.216695,0.0216588,0.236675,5.35743e-05,0.0519022,-0.16595,0,0,0,1
0.7,-0.216478,0.0216578,0.236674,-0.000259073,0.0502334,-0.167803,0,0,0,1
0.71,-0.216262,0.0216574,0.23667,-0.000574275,0.0485461,-0.169663,0,0,0,1
0.72,-0.216045,0.0216578,0.236662,-0.000892041,0.0468402,-0.17153,0,0,0,1
0.73,-0.215828,0.0216589,0.236652,-0.00121238,0.0451155,-0.173404,0,0,0,1
0.74,-0.215612,0.0216606,0.236638,-0.0015353,0.0433721,-0.175285,0,0,0,1
0.75,-0.215395,0.0216631,0.236621,-0.00186082,0.0416098,-0.177173,0,0,0,1
0.76,-0.215179,0.0216663,0.236601,-0.00218894,0.0398286,-0.179068,0,0,0,1
0.77,-0.214962,0.0216702,0.236577,-0.00251968,0.0380284,-0.18097,0,0,0,1
0.78,-0.214745,0.0216748,0.236551,-0.00285304,0.0362092,-0.182879,0,0,0,1
0.79,-0.214528,0.0216801,0.23652,-0.00318903,0.0343709,-0.184795,0,0,0,1
0.8,-0.214312,0.0216862,0.236487,-0.00352767,0.0325133,-0.186718,0,0,0,1
0.81,-0.214095,0.021693,0.23645,-0.00386897,0.0306365,-0.188648,0,0,0,1
0.82,-0.213878,0.0217005,0.236409,-0.00421292,0.0287404,-0.190585,0,0,0,1
0.83,-0.213661,0.0217087,0.236366,-0.00455956,0.0268248,-0.192528,0,0,0,1
0.84,-0.213444,0.0217178,0.236318,-0.00490887,0.0248898,-0.194479,0,0,0,1
0.85,-0.213226,0.0217275,0.236267,-0.00526088,0.0229352,-0.196437,0,0,0,1
0.86,-0.213009,0.021738,0.236213,-0.0056156,0.020961,-0.198402,0,0,0,1
0.87,-0.212792,0.0217493,0.236155,-0.00597303,0.0189672,-0.200374,0,0,0,1
0.88,-0.212574,0.0217613,0.236094,-0.00633318,0.0169536,-0.202353,0,0,0,1
0.89,-0.212356,0.0217741,0.236028,-0.00669607,0.0149201,-0.20434,0,0,0,1
0.9,-0.212139,0.0217877,0.23596,-0.00706171,0.0128668,-0.206333,0,0,0,1
0.91,-0.211921,0.021802,0.235887,-0.0074301,0.0107935,-0.208333,0,0,0,1
0.92,-0.211702,0.0218171,0.235811,-0.00780125,0.00870011,-0.21034,0,0,0,1
0.93,-0.211484,0.021833,0.235731,-0.00817518,0.00658665,-0.212355,0,0,0,1
0.94,-0.211266,0.0218497,0.235647,-0.0085519,0.00445302,-0.214376,0,0,0,1
0.95,-0.211047,0.0218672,0.23556,-0.00893141,0.00229913,-0.216404,0,0,0,1
0.96,-0.210828,0.0218855,0.235469,-0.00931373,0.000124929,-0.21844,0,0,0,1
0.97,-0.21061,0.0219045,0.235374,-0.00969886,-0.00206967,-0.220483,0,0,0,1
0.98,-0.21039,0.0219244,0.235275,-0.0100868,-0.00428472,-0.222532,0,0,0,1
0.99,-0.210171,0.0219451,0.235172,-0.0104776,-0.00652031,-0.224589,0,0,0,1
1,-0.209951,0.0219666,0.235065,-0.0108713,-0.0087765,-0.226653,0,0,0,1
1.01,-0.209732,0.0219889,0.234955,-0.0112678,-0.0110534,-0.228724,0,0,0,1
1.02,-0.209512,0.0220121,0.23484,-0.0116671,-0.013351,-0.230802,0,0,0,1
1.03,-0.209291,0.0220361,0.234721,-0.0120694,-0.0156694,-0.232887,0,0,0,1
1.04,-0.209071,0.0220609,0.234599,-0.0124745,-0.0180087,-0.234979,0,0,0,1
1.05,-0.20885,0.0220865,0.234472,-0.0128825,-0.020369,-0.237078,0,0,0,1
1.06,-0.208629,0.022113,0.234341,-0.0132935,-0.0227503,-0.239185,0,0,0,1
1.07,-0.208408,0.0221404,0.234206,-0.0137073,-0.0251527,-0.241298,0,0,0,1
1.08,-0.208186,0.0221686,0.234067,-0.0141241,-0.0275762,-0.243419,0,0,0,1
1.09,-0.207965,0.0221976,0.233923,-0.0145438,-0.0300211,-0.245547,0,0,0,1
1.1,-0.207742,0.0222275,0.233776,-0.0149665,-0.0324872,-0.247682,0,0,0,1
1.11,-0.20752,0.0222583,0.233624,-0.0153921,-0.0349747,-0.249824,0,0,0,1
1.12,-0.207297,0.0222899,0.233468,-0.0158207,-0.0374837,-0.251973,0,0,0,1
1.13,-0.207074,0.0223224,0.233308,-0.0162522,-0.0400141,-0.254129,0,0,0,1
1.14,-0.206851,0.0223558,0.233143,-0.0166868,-0.0425662,-0.256292,0,0,0,1
1.15,-0.206627,0.0223901,0.232974,-0.0171243,-0.04514,-0.258463,0,0,0,1
1.16,-0.206403,0.0224252,0.232801,-0.0175649,-0.0477355,-0.26064,0,0,0,1
1.17,-0.206179,0.0224613,0.232623,-0.0180085,-0.0503528,-0.262825,0,0,0,1
1.18,-0.205954,0.0224982,0.23244,-0.0184551,-0.052992,-0.265017,0,0,0,1
1.19,-0.205729,0.0225361,0.232254,-0.0189047,-0.0556531,-0.267216,0,0,0,1
1.2,-0.205503,0.0225749,0.232062,-0.0193574,-0.0583363,-0.269422,0,0,0,1
1.21,-0.205277,0.0226145,0.231866,-0.0198132,-0.0610416,-0.271635,0,0,0,1
1.22,-0.205051,0.0226551,0.231666,-0.020272,-0.063769,-0.273855,0,0,0,1
1.23,-0.204824,0.0226966,0.231461,-0.0207339,-0.0665187,-0.276083,0,0,0,1
1.24,-0.204597,0.0227391,0.231251,-0.0211989,-0.0692906,-0.278317,0,0,0,1
1.25,-0.204369,0.0227824,0.231037,-0.021667,-0.072085,-0.280559,0,0,0,1
1.26,-0.204141,0.0228267,0.230818,-0.0221382,-0.0749018,-0.282808,0,0,0,1
1.27,-0.203913,0.022872,0.230594,-0.0226125,-0.0777412,-0.285064,0,0,0,1
1.28,-0.203684,0.0229182,0.230366,-0.02309,-0.0806031,-0.287327,0,0,0,1
1.29,-0.203454,0.0229653,0.230132,-0.0235706,-0.0834877,-0.289598,0,0,0,1
1.3,-0.203225,0.0230134,0.229894,-0.0240544,-0.0863951,-0.291875,0,0,0,1
1.31,-0.202994,0.0230624,0.229651,-0.0245414,-0.0893252,-0.294159,0,0,0,1
1.32,-0.202763,0.0231124,0.229404,-0.0250322,-0.0922783,-0.29645,0,0,0,1
1.33,-0.202532,0.0231634,0.229151,-0.025529,-0.0952542,-0.298746,0,0,0,1
1.34,-0.2023,0.0232154,0.228893,-0.0260412,-0.0982532,-0.301036,0,0,0,1
1.35,-0.202068,0.0232683,0.22863,-0.0266295,-0.101275,-0.303289,0,0,0,1
1.36,-0.201835,0.0233222,0.22836,-0.0277622,-0.104319,-0.305409,0,0,0,1
1.37,-0.201601,0.0233772,0.228075,-0.032979,-0.107383,-0.307151,0,0,0,1
1.38,-0.201367,0.0234336,0.227701,-0.0669398,-0.110462,-0.308549,0,0,0,1
1.39,-0.201132,0.0234924,0.226736,-0.273916,-0.113554,-0.309829,0,0,0,1
1.4,-0.200897,0.0235565,0.222222,-1.30957,-0.116659,-0.310958,0,0,0,1
1.41,-0.200661,0.0237492,0.200544,-5.42203,-0.119773,-0.311805,0,0,0,1
1.42,-0.200422,0.0249213,0.113782,-18.1425,-0.122895,-0.312184,0,0,0,1
1.43,-0.200163,0.0317214,-0.162306,-47.9345,-0.126017,-0.311839,0,0,0,1
1.44,-0.199788,0.0636453,-0.844908,-97.5927,-0.129131,-0.311042,0,0,0,1
1.45,-0.19889,0.185745,-2.11416,-145.891,-0.132238,-0.30724,0,0,0,1
1.46,-0.196073,0.56725,-3.76273,-139.34,-0.135276,-0.29118,0,0,0,1
1.47,-0.187545,1.54812,-4.90097,-27.8768,-0.138061,-0.240813,0,0,0,1
1.48,-0.165111,3.64344,-4.32027,164.77,-0.140092,-0.109306,0,0,0,1
1.49,-0.114676,7.40477,-1.60556,321.155,-0.140247,0.179269,0,0,0,1
1.5,-0.0170152,13.1573,2.10282,322.694,-0.136507,0.723069,0,0,0,1
1.51,0.14847,20.7798,4.84833,169.583,-0.125786,1.61783,0,0,0,1
1.52,0.398581,29.7067,5.49448,-19.2303,-0.10415,2.92148,0,0,0,1
1.53,0.742605,39.1538,4.46372,-126.018,-0.0673565,4.63687,0,0,0,1
1.54,1.18166,48.3852,2.97412,-126.902,-0.0114131,6.71822,0,0,0,1
1.55,1.71031,56.858,1.92567,-71.9172,0.0670078,9.08231,0,0,0,1
1.56,2.31882,64.22,1.53578,-14.6473,0.170233,11.5959,0,0,0,1
1.57,2.99471,70.2469,1.63273,23.44,0.298926,14.0301,0,0,0,1
1.58,3.72376,74.7881,2.00458,44.7743,0.450835,16.0277,0,0,0,1
1.59,4.49047,77.7383,2.52821,57.4172,0.61948,17.1825,0,0,0,1
1.6,5.27852,79.0292,3.15292,66.5803,0.794485,17.2413,0,0,0,1
1.61,6.07106,78.6274,3.85982,74.2998,0.964306,16.2449,0,0,0,1
1.62,6.85107,76.533,4.63892,80.9465,1.11938,14.414,0,0,0,1
1.63,7.60172,72.7809,5.47875,86.047,1.25259,11.8516,0,0,0,1
1.64,8.30669,67.4388,6.35986,88.696,1.35642,8.39227,0,0,0,1
1.65,8.95049,60.6068,7.25267,88.1523,1.42043,3.79765,0,0,0,1
1.66,9.51882,52.4147,8.12291,84.4628,1.43237,-1.89427,0,0,0,1
1.67,9.99879,43.0192,8.94193,78.494,1.38255,-8.24328,0,0,0,1
1.68,10.3792,32.6008,9.69278,71.1899,1.2675,-14.6356,0,0,0,1
1.69,10.6508,21.3602,10.3657,62.7611,1.08983,-20.6236,0,0,0,1
1.7,10.8064,9.51341,10.948,52.6991,0.855031,-26.0683,0,0,0,1
1.71,10.8411,-2.71214,11.4197,40.633,0.568468,-31.0365,0,0,0,1
1.72,10.7522,-15.0825,11.7607,27.0694,0.234302,-35.6298,0,0,0,1
1.73,10.5394,-27.3623,11.9611,13.1815,-0.144129,-39.8933,0,0,0,1
1.74,10.2049,-39.3193,12.0243,-0.0769595,-0.563565,-43.812,0,0,0,1
1.75,9.75304,-50.7294,11.9596,-12.5278,-1.02037,-47.34,0,0,0,1
1.76,9.19033,-61.381,11.7737,-24.4797,-1.51037,-50.4234,0,0,0,1
1.77,8.52542,-71.0796,11.47,-36.0404,-2.02884,-53.0104,0,0,0,1
1.78,7.76874,-79.6512,11.0529,-46.7306,-2.57057,-55.0559,0,0,0,1
1.79,6.93239,-86.9467,10.5353,-55.6125,-3.12996,-56.5252,0,0,0,1
1.8,6.02981,-92.8447,9.94068,-61.6944,-3.70108,-57.4015,0,0,0,1
1.81,5.0755,-97.2586,9.30146,-64.3899,-4.27799,-57.6991,0,0,0,1
1.82,4.08464,-100.147,8.65289,-63.8967,-4.85506,-57.4725,0,0,0,1
1.83,3.07256,-101.531,8.02353,-61.2073,-5.42744,-56.7986,0,0,0,1
1.84,2.05401,-101.513,7.42874,-57.5229,-5.99103,-55.7145,0,0,0,1
1.85,1.0423,-100.275,6.87307,-53.4446,-6.54173,-54.1448,0,0,0,1
1.86,0.0485084,-98.0577,6.35985,-48.7406,-7.07393,-51.9219,0,0,0,1
1.87,-0.91885,-95.1028,5.89826,-42.963,-7.58016,-48.9548,0,0,0,1
1.88,-1.85355,-91.6096,5.50059,-36.2351,-8.05302,-45.3836,0,0,0,1
1.89,-2.75104,-87.7127,5.17356,-29.3228,-8.48784,-41.4484,0,0,0,1
1.9,-3.6078,-83.4894,4.91413,-22.915,-8.88199,-37.0612,0,0,0,1
1.91,-4.42083,-78.9808,4.71526,-16.9349,-9.22906,-31.5369,0,0,0,1
1.92,-5.18742,-74.2109,4.57544,-10.6874,-9.51273,-24.0037,0,0,0,1
1.93,-5.90505,-69.1978,4.50151,-3.70353,-9.70913,-14.3189,0,0,0,1
1.94,-6.57137,-63.9584,4.50137,3.67442,-9.79911,-3.52528,0,0,0,1
1.95,-7.18422,-58.5098,4.575,10.6583,-9.77964,6.87572,0,0,0,1
1.96,-7.74157,-52.8701,4.71453,16.9077,-9.66159,16.2344,0,0,0,1
1.97,-8.24162,-47.0574,4.91315,22.9009,-9.45495,25.2186,0,0,0,1
1.98,-8.68272,-41.0908,5.17255,29.3703,-9.15722,34.8969,0,0,0,1
1.99,-9.06343,-34.9899,5.50056,36.5146,-8.75701,45.493,0,0,0,1
2,-9.38252,-28.7746,5.90284,43.9598,-8.24736,56.2397,0,0,0,1
2.01,-9.63893,-22.4651,6.37976,51.5598,-7.63222,66.4835,0,0,0,1
2.02,-9.83182,-16.082,6.93404,60.0753,-6.91769,76.7281,0,0,0,1
2.03,-9.96057,-9.64616,7.58126,70.7455,-6.09766,88.2884,0,0,0,1
2.04,-10.0247,-3.17864,8.34895,83.9942,-5.15192,101.782,0,0,0,1
2.05,-10.0241,3.29951,9.26115,98.7464,-4.06203,116.121,0,0,0,1
2.06,-9.95875,9.76715,10.3239,113.427,-2.82951,129.251,0,0,0,1
2.07,-9.8288,16.2032,11.5297,127.745,-1.477,139.887,0,0,0,1
2.08,-9.63469,22.5866,12.8788,143.164,-0.0317557,148.364,0,0,0,1
2.09,-9.37706,28.8967,14.3929,161.251,1.49029,155.808,0,0,0,1
2.1,-9.05675,35.1128,16.1038,181.574,3.0844,162.616,0,0,0,1
2.11,-8.67481,41.2146,18.0244,201.445,4.7426,167.617,0,0,0,1
2.12,-8.23246,47.1822,20.1327,217.834,6.43674,168.277,0,0,0,1
2.13,-7.73116,52.996,22.3811,229.468,8.10814,161.645,0,0,0,1
2.14,-7.17254,58.637,24.722,237.169,9.66964,145.879,0,0,0,1
2.15,-6.55842,64.087,27.1245,242.524,11.0257,121.908,0,0,0,1
2.16,-5.8908,69.3281,29.5725,246.486,12.1078,93.6753,0,0,0,1
2.17,-5.17186,74.3432,32.0542,248.979,12.8992,65.7644,0,0,0,1
2.18,-4.40394,79.116,34.5521,249.381,13.4231,39.9684,0,0,1,1
2.19,-3.58954,83.6309,37.0418,247.18,13.6986,14.3533,0,0,0,1
2.2,-2.73132,87.8733,39.4957,242.424,13.7101,-13.8831,0,0,0,1
2.21,-1.83208,91.8293,41.8903,235.796,13.4209,-44.627,0,0,0,1
2.22,-0.894736,95.486,44.2116,228.113,12.8176,-74.0222,0,0,0,1
2.23,0.0776443,98.8315,46.4526,219.399,11.9405,-97.1865,0,0,0,1
2.24,1.0819,101.855,48.5996,208.368,10.8739,-111.494,0,0,0,1
2.25,2.11474,104.546,50.6199,193.303,9.71062,-117.566,0,0,0,1
2.26,3.17282,106.897,52.4656,173.902,8.52257,-117.964,0,0,0,1
2.27,4.25269,108.9,54.098,152.184,7.35133,-115.381,0,0,0,1
2.28,5.35082,110.547,55.5093,130.992,6.21495,-111.487,0,0,0,1
2.29,6.46363,111.835,56.7178,111.361,5.12159,-106.615,0,0,0,1
2.3,7.58751,112.757,57.7365,91.6701,4.08265,-100.188,0,0,0,1
2.31,8.71878,113.313,58.5512,69.6939,3.11784,-91.7149,0,0,0,1
2.32,9.85377,113.499,59.1304,45.2724,2.24835,-81.6848,0,0,0,1
2.33,10.9888,113.315,59.4567,20.5502,1.48414,-71.5057,0,0,0,1
2.34,12.1201,112.763,59.5414,-2.5565,0.818237,-62.4699,0,0,0,1
2.35,13.244,111.842,59.4055,-24.7703,0.234742,-54.7744,0,0,0,1
2.36,14.3569,110.558,59.046,-48.83,-0.27725,-47.6239,0,0,0,1
2.37,15.4552,108.913,58.4289,-76.3217,-0.717735,-40.2631,0,0,0,1
2.38,16.5352,106.913,57.5196,-105.545,-1.08251,-32.7676,0,0,0,1
2.39,17.5934,104.565,56.318,-133.03,-1.37309,-25.7655,0,0,0,1
2.4,18.6265,101.876,54.859,-157.077,-1.59782,-19.5295,0,0,0,1
2.41,19.6309,98.8549,53.1765,-179.267,-1.76368,-13.5667,0,0,0,1
2.42,20.6036,95.512,51.2736,-202.31,-1.86916,-7.17693,0,0,0,1
2.43,21.5412,91.8579,49.1303,-226.818,-1.90721,-0.304155,0,0,0,1
2.44,22.4407,87.9045,46.7373,-250.572,-1.87524,6.26732,0,0,0,1
2.45,23.2993,83.6647,44.1189,-270.779,-1.78187,11.5261,0,0,0,1
2.46,24.114,79.1524,41.3217,-286.65,-1.64472,14.9687,0,0,0,1
2.47,24.8823,74.3824,38.3859,-299.609,-1.48249,16.7898,0,0,0,1
2.48,25.6017,69.3702,35.3295,-311.304,-1.30892,17.5355,0,0,0,1
2.49,26.2697,64.1321,32.1598,-321.74,-1.13178,17.6674,0,0,0,1
2.5,26.8843,58.6853,28.8947,-329.435,-0.955573,17.3455,0,0,0,1
2.51,27.4434,53.0474,25.5711,-333.743,-0.784873,16.4451,0,0,0,1
2.52,27.9453,47.237,22.2199,-338.122,-0.626671,14.7343,0,0,0,1
2.53,28.3882,41.2729,18.8086,-351.013,-0.490188,12.1612,0,0,0,1
2.54,28.7707,35.1746,15.1996,-377.56,-0.383447,9.12276,0,0,0,1
2.55,29.0917,28.962,11.2574,-399.77,-0.307733,6.5369,0,1,0,1
2.56,29.35,22.6552,7.2042,-365.192,-0.252709,5.66263,0,0,0,1
2.57,29.5448,16.275,3.9536,-220.588,-0.19448,7.73097,0,0,0,1
2.58,29.6755,9.84208,2.79244,15.277,-0.0980901,13.3923,0,0,0,1
2.59,29.7416,3.37738,4.25914,225.584,0.073366,22.1184,0,0,0,1
2.6,29.743,-3.09798,7.30412,284.688,0.344278,32.0759,1,0,0,1
2.61,29.6796,-9.5629,9.9529,181.747,0.714883,40.8296,0,0,0,1
2.62,29.5517,-15.9963,10.9391,27.7914,1.16087,46.5065,0,0,0,1
2.63,29.3597,-22.3772,10.5087,-60.3184,1.64501,48.5629,0,0,0,1
2.64,29.1042,-28.6847,9.73269,-54.3512,2.13213,47.6367,0,0,0,1
2.65,28.786,-34.8982,9.42171,0.697603,2.59775,44.8555,0,0,0,1
2.66,28.4062,-40.9975,9.74664,54.2259,3.02924,41.1676,0,0,0,1
2.67,27.9661,-46.9627,10.5062,85.7227,3.4211,36.844,0,0,0,1
2.68,27.467,-52.7743,11.4611,97.6794,3.76612,31.3372,0,0,0,1
2.69,26.9106,-58.4133,12.4598,98.2829,4.04784,23.8199,0,0,0,1
2.7,26.2987,-63.8613,13.4268,93.4083,4.24251,14.1803,0,0,0,1
2.71,25.6334,-69.1005,14.328,86.2386,4.33145,3.53113,0,0,0,1
2.72,24.9167,-74.1138,15.1515,78.217,4.31314,-6.46717,0,0,0,1
2.73,24.1511,-78.8849,15.8923,69.2399,4.20211,-14.8982,0,0,0,1
2.74,23.339,-83.3982,16.5363,58.0753,4.01517,-22.1389,0,0,0,1
2.75,22.4831,-87.6389,17.0538,43.7495,3.75933,-29.1296,0,0,0,1
2.76,21.5862,-91.5933,17.4113,26.9674,3.43258,-36.2389,0,0,0,1
2.77,20.6513,-95.2486,17.5932,10.0347,3.03455,-42.8973,0,0,0,1
2.78,19.6813,-98.5926,17.612,-4.85655,2.57463,-48.1938,0,0,0,1
2.79,18.6794,-101.615,17.496,-17.2825,2.07067,-51.6596,0,0,0,1
2.8,17.649,-104.305,17.2664,-28.4732,1.54144,-53.5038,0,0,0,1
2.81,16.5933,-106.655,16.9266,-39.6584,1.0006,-54.2983,0,0,0,1
2.82,15.5159,-108.656,16.4732,-50.719,0.455478,-54.5753,0,0,0,1
2.83,14.4202,-110.303,15.9122,-60.4732,-0.0909074,-54.6541,0,0,0,1
2.84,13.3098,-111.59,15.2637,-68.0156,-0.637603,-54.6732,0,0,0,1
2.85,12.1884,-112.513,14.5519,-73.5274,-1.18437,-54.6779,0,0,0,1
2.86,11.0595,-113.068,13.7932,-77.8624,-1.73116,-54.6796,0,0,0,1
2.87,9.927,-113.255,12.9946,-81.61,-2.27796,-54.6806,0,0,0,1
2.88,8.79445,-113.071,12.161,-84.6055,-2.82477,-54.6813,0,0,0,1
2.89,7.66558,-112.519,11.3025,-86.1142,-3.37159,-54.6815,0,0,0,1
2.9,6.54408,-111.598,10.4387,-85.3237,-3.9184,-54.6802,0,0,0,1
2.91,5.43361,-110.313,9.59606,-81.839,-4.46519,-54.6717,0,0,0,1
2.92,4.33781,-108.668,8.80192,-76.0445,-5.01184,-54.6334,0,0,0,1
2.93,3.26025,-106.668,8.07517,-69.0795,-5.55786,-54.4959,0,0,0,1
2.94,2.20445,-104.319,7.42033,-62.2114,-6.10176,-54.0996,0,0,0,1
2.95,1.17386,-101.63,6.83094,-55.9893,-6.63985,-53.1778,0,0,0,1
2.96,0.171845,-98.6093,6.30054,-50.0069,-7.16531,-51.4417,0,0,0,1
2.97,-0.798324,-95.266,5.8308,-43.5676,-7.66869,-48.7724,0,0,0,1
2.98,-1.73348,-91.6115,5.42919,-36.5479,-8.14076,-45.3504,0,0,0,1
2.99,-2.63055,-87.6576,5.09984,-29.5283,-8.5757,-41.4768,0,0,0,1
3,-3.48663,-83.4179,4.83862,-23.0885,-8.9703,-37.1112,0,0,0,1
3.01,-4.29891,-78.9063,4.63807,-17.1015,-9.31792,-31.5947,0,0,0,1
3.02,-5.06475,-74.1368,4.49659,-10.8536,-9.60219,-24.0654,0,0,0,1
3.03,-5.78165,-69.1249,4.421,-3.8707,-9.79923,-14.3838,0,0,0,1
3.04,-6.44725,-63.887,4.41918,3.50636,-9.88987,-3.59382,0,0,0,1
3.05,-7.05939,-58.4403,4.49113,10.4896,-9.8711,6.80325,0,0,0,1
3.06,-7.61605,-52.8025,4.62897,16.7385,-9.7538,16.1576,0,0,0,1
3.07,-8.11544,-46.9919,4.8259,22.7314,-9.54795,25.1371,0,0,0,1
3.08,-8.55589,-41.0277,5.0836,29.2009,-9.25106,34.8102,0,0,0,1
3.09,-8.93599,-34.9293,5.40992,36.3455,-8.85175,45.4009,0,0,0,1
3.1,-9.25448,-28.7165,5.81051,43.7911,-8.34304,56.1417,0,0,0,1
3.11,-9.51032,-22.4097,6.28574,51.3917,-7.72891,66.3794,0,0,0,1
3.12,-9.70267,-16.0295,6.83834,59.9079,-7.01546,76.6175,0,0,0,1
3.13,-9.83091,-9.59662,7.4839,70.579,-6.19656,88.1713,0,0,0,1
3.14,-9.89461,-3.13217,8.24992,83.8286,-5.25203,101.658,0,0,0,1
3.15,-9.89355,3.3428,9.16047,98.5818,-4.16341,115.99,0,0,0,1
3.16,-9.82775,9.80718,10.2216,113.263,-2.93223,129.114,0,0,0,1
3.17,-9.69741,16.2399,11.4257,127.581,-1.58113,139.744,0,0,0,1
3.18,-9.50295,22.6199,12.7732,142.999,-0.137353,148.215,0,0,0,1
3.19,-9.24501,28.9265,14.2857,161.085,1.38318,155.654,0,0,0,1
3.2,-8.92442,35.139,15.9949,181.407,2.97572,162.456,0,0,0,1
3.21,-8.54223,41.2373,17.9138,201.276,4.63231,167.453,0,0,0,1
3.22,-8.09968,47.2014,20.0204,217.664,6.32478,168.108,0,0,0,1
3.23,-7.5982,53.0119,22.2671,229.298,7.99447,161.471,0,0,0,1
3.24,-7.03944,58.6498,24.6063,236.998,9.5542,145.7,0,0,0,1
3.25,-6.42521,64.0967,27.0071,242.355,10.9085,121.722,0,0,0,1
3.26,-5.75751,69.3349,29.4534,246.317,11.9886,93.4836,0,0,0,1
3.27,-5.03851,74.3473,31.9334,248.811,12.7781,65.5668,0,0,0,1
3.28,-4.27056,79.1176,34.4297,249.215,13.3,39.765,0,0,1,1
3.29,-3.45616,83.6301,36.9177,247.016,13.5734,14.1445,0,0,0,1
3.3,-2.59796,87.8701,39.37,242.262,13.5829,-14.0966,0,0,0,1
3.31,-1.69875,91.8239,41.763,235.636,13.2915,-44.8444,0,0,0,1
3.32,-0.761479,95.4784,44.0827,227.956,12.686,-74.2423,0,0,0,1
3.33,0.210814,98.8219,46.3221,219.244,11.8067,-97.4078,0,0,0,1
3.34,1.21496,101.843,48.4676,208.216,10.7378,-111.715,0,0,0,1
3.35,2.24768,104.533,50.4864,193.154,9.57236,-117.784,0,0,0,1
3.36,3.30561,106.882,52.3307,173.757,8.38214,-118.179,0,0,0,1
3.37,4.38531,108.882,53.9615,152.043,7.20879,-115.588,0,0,0,1
3.38,5.48326,110.528,55.3715,130.855,6.07038,-111.685,0,0,0,1
3.39,6.59587,111.813,56.5787,111.228,4.97508,-106.803,0,0,0,1
3.4,7.71952,112.734,57.5961,91.5417,3.93432,-100.363,0,0,0,1
3.41,8.85056,113.288,58.4095,69.5703,2.96783,-91.8753,0,0,0,1
3.42,9.98528,113.472,58.9875,45.1537,2.09681,-81.829,0,0,0,1
3.43,11.12,113.287,59.3126,20.4367,1.33125,-71.6321,0,0,0,1
3.44,12.251,112.732,59.3962,-2.66437,0.664173,-62.5775,0,0,0,1
3.45,13.3746,111.81,59.2593,-24.8723,0.0796989,-54.8621,0,0,0,1
3.46,14.4872,110.523,58.8988,-48.9259,-0.43307,-47.6912,0,0,0,1
3.47,15.5851,108.876,58.2808,-76.411,-0.874125,-40.3098,0,0,0,1
3.48,16.6647,106.874,57.3706,-105.627,-1.23927,-32.7942,0,0,0,1
3.49,17.7226,104.524,56.1682,-133.105,-1.53001,-25.7733,0,0,0,1
3.5,18.7552,101.834,54.7085,-157.144,-1.75473,-19.5195,0,0,0,1
3.51,19.7593,98.8109,53.0253,-179.326,-1.9204,-13.5398,0,0,0,1
3.52,20.7314,95.4662,51.1219,-202.36,-2.02553,-7.13444,0,0,0,1
3.53,21.6686,91.8104,48.9781,-226.859,-2.06309,-0.24752,0,0,0,1
3.54,22.5676,87.8555,46.5848,-250.602,-2.03048,6.33636,0,0,0,1
3.55,23.4257,83.6142,43.9661,-270.798,-1.93636,11.6057,0,0,0,1
3.56,24.2399,79.1005,41.1688,-286.658,-1.79836,15.0567,0,0,0,1
3.57,25.0077,74.329,38.2329,-299.606,-1.63523,16.884,0,0,0,1
3.58,25.7265,69.3154,35.1767,-311.29,-1.46068,17.6341,0,0,0,1
3.59,26.394,64.0759,32.0071,-321.715,-1.28254,17.7689,0,0,0,1
3.6,27.008,58.6277,28.7424,-329.4,-1.10531,17.4484,0,0,0,1
3.61,27.5666,52.9886,25.4191,-333.699,-0.933576,16.5471,0,0,0,1
3.62,28.0678,47.1769,22.0684,-338.068,-0.774364,14.8333,0,0,0,1
3.63,28.5101,41.2116,18.6578,-350.949,-0.63691,12.2555,0,0,0,1
3.64,28.892,35.1121,15.0494,-377.487,-0.529253,9.21099,0,0,0,1
3.65,29.2123,28.8983,11.108,-399.688,-0.45269,6.61813,0,1,0,1
3.66,29.47,22.5905,7.05566,-365.102,-0.396891,5.73662,0,0,0,1
3.67,29.6641,16.2092,3.80599,-220.492,-0.337957,7.79808,0,0,0,1
3.68,29.7942,9.77528,2.64582,15.3772,-0.240929,13.4533,0,0,0,1
3.69,29.8597,3.30967,4.11354,225.687,-0.0688912,22.1743,0,0,0,1
3.7,29.8604,-3.16654,7.15956,284.793,0.202556,32.1274,1,0,0,1
3.71,29.7963,-9.63223,9.80939,181.854,0.573656,40.8762,0,0,0,1
3.72,29.6677,-16.0663,10.7966,27.9014,1.02008,46.5473,0,0,0,1
3.73,29.475,-22.4478,10.3674,-60.2061,1.5046,48.5989,0,0,0,1
3.74,29.2188,-28.7558,9.59251,-54.2375,1.99206,47.6695,0,0,0,1
3.75,28.8999,-34.9698,9.28267,0.812559,2.45799,44.8853,0,0,0,1
3.76,28.5194,-41.0695,9.60876,54.3418,2.88976,41.195,0,0,0,1
3.77,28.0785,-47.035,10.3695,85.839,3.28189,36.8698,0,0,0,1
3.78,27.5787,-52.8467,11.3255,97.7958,3.62716,31.3619,0,0,0,1
3.79,27.0216,-58.4858,12.3254,98.3987,3.90913,23.8442,0,0,0,1
3.8,26.409,-63.9337,13.2935,93.5234,4.10404,14.2045,0,0,0,1
3.81,25.7429,-69.1729,14.1959,86.3527,4.19322,3.55573,0,0,0,1
3.82,25.0255,-74.186,15.0206,78.33,4.17516,-6.44191,0,0,0,1
3.83,24.2592,-78.9567,15.7625,69.3516,4.06438,-14.872,0,0,0,1
3.84,23.4464,-83.4696,16.4076,58.1856,3.87772,-22.1116,0,0,0,1
3.85,22.5898,-87.7098,16.9262,43.8583,3.62215,-29.101,0,0,0,1
3.86,21.6922,-91.6636,17.2848,27.0747,3.2957,-36.2087,0,0,0,1
3.87,20.7565,-95.3181,17.4677,10.1406,2.89798,-42.8655,0,0,0,1
3.88,19.7858,-98.6614,17.4876,-4.7521,2.43839,-48.1603,0,0,0,1
3.89,18.7833,-101.683,17.3727,-17.1795,1.93477,-51.6242,0,0,0,1
3.9,17.7522,-104.372,17.144,-28.3716,1.4059,-53.4665,0,0,0,1
3.91,16.6958,-106.721,16.8052,-39.5582,0.86544,-54.259,0,0,0,1
3.92,15.6177,-108.721,16.3528,-50.6202,0.320723,-54.5339,0,0,0,1
3.93,14.5214,-110.367,15.7928,-60.3757,-0.225238,-54.6105,0,0,0,1
3.94,13.4104,-111.653,15.1453,-67.9194,-0.771488,-54.6276,0,0,0,1
3.95,12.2884,-112.574,14.4344,-73.432,-1.31779,-54.6305,0,0,0,1
3.96,11.1589,-113.128,13.6767,-77.7675,-1.8641,-54.6308,0,0,0,1
3.97,10.0258,-113.314,12.8791,-81.5154,-2.41041,-54.6308,0,0,0,1
3.98,8.89265,-113.129,12.0464,-84.5111,-2.95671,-54.6307,0,0,0,1
3.99,7.76321,-112.576,11.1889,-86.0199,-3.50302,-54.6305,0,0,0,1
4,6.64113,-111.656,10.326,-85.2298,-4.04932,-54.6288,0,0,0,1
4.01,5.5301,-110.371,9.48427,-81.7457,-4.5956,-54.6201,0,0,0,1
4.02,4.43372,-108.726,8.69105,-75.952,-5.14172,-54.5816,0,0,0,1
4.03,3.35557,-106.727,7.96522,-68.988,-5.68723,-54.444,0,0,0,1
4.04,2.29919,-104.379,7.31129,-62.1209,-6.2306,-54.0476,0,0,0,1
4.05,1.268,-101.691,6.72281,-55.8996,-6.76818,-53.1259,0,0,0,1
4.06,0.265375,-98.6703,6.1933,-49.918,-7.29312,-51.3899,0,0,0,1
4.07,-0.705409,-95.328,5.72445,-43.4794,-7.79598,-48.721,0,0,0,1
4.08,-1.64119,-91.6745,5.32371,-36.4604,-8.26754,-45.2995,0,0,0,1
4.09,-2.5389,-87.7217,4.99524,-29.4412,-8.70197,-41.4266,0,0,0,1
4.1,-3.39562,-83.4825,4.73489,-23.0017,-9.09607,-37.0614,0,0,0,1
4.11,-4.20855,-78.9706,4.5352,-17.0151,-9.4432,-31.545,0,0,0,1
4.12,-4.97503,-74.2009,4.39459,-10.7676,-9.72697,-24.0158,0,0,0,1
4.13,-5.69257,-69.1888,4.31985,-3.785,-9.92351,-14.3344,0,0,0,1
4.14,-6.35881,-63.9507,4.31889,3.59173,-10.0137,-3.54443,0,0,0,1
4.15,-6.97158,-58.5037,4.39169,10.5746,-9.9944,6.85254,0,0,0,1
4.16,-7.52888,-52.8657,4.53038,16.8232,-9.87661,16.2068,0,0,0,1
4.17,-8.02889,-47.0549,4.72815,22.8158,-9.67027,25.1862,0,0,0,1
4.18,-8.46998,-41.0904,4.98669,29.2849,-9.37288,34.8592,0,0,0,1
4.19,-8.8507,-34.9918,5.31385,36.4292,-8.97308,45.4498,0,0,0,1
4.2,-9.16981,-28.7788,5.71528,43.8745,-8.46389,56.1905,0,0,0,1
4.21,-9.42628,-22.4718,6.19134,51.4747,-7.84927,66.4281,0,0,0,1
4.22,-9.61925,-16.0913,6.74477,59.9906,-7.13533,76.6661,0,0,0,1
4.23,-9.7481,-9.6582,7.39115,70.6613,-6.31595,88.2198,0,0,0,1
4.24,-9.81241,-3.19351,8.158,83.9106,-5.37093,101.706,0,0,0,1
4.25,-9.81197,3.28169,9.06937,98.6635,-4.28183,116.038,0,0,0,1
4.26,-9.74678,9.7463,10.1313,113.344,-3.05017,129.162,0,0,0,1
4.27,-9.61705,16.1792,11.3362,127.662,-1.69859,139.792,0,0,0,1
4.28,-9.4232,22.5595,12.6845,143.079,-0.254327,148.263,0,0,0,1
4.29,-9.16586,28.8663,14.1978,161.165,1.26668,155.702,0,0,0,1
4.3,-8.84587,35.0791,15.9078,181.487,2.85971,162.504,0,0,0,1
4.31,-8.46427,41.1776,17.8276,201.356,4.51677,167.5,0,0,0,1
4.32,-8.02232,47.1419,19.9349,217.743,6.20972,168.156,0,0,0,1
4.33,-7.52144,52.9526,22.1824,229.377,7.87989,161.518,0,0,0,1
4.34,-6.96327,58.5908,24.5225,237.077,9.44008,145.747,0,0,0,1
4.35,-6.34962,64.0379,26.924,242.433,10.7948,121.77,0,0,0,1
4.36,-5.68251,69.2764,29.3711,246.395,11.8755,93.5308,0,0,0,1
4.37,-4.96409,74.289,31.8519,248.889,12.6654,65.6139,0,0,0,1
4.38,-4.19673,79.0595,34.3489,249.292,13.1878,39.8119,0,0,1,1
4.39,-3.3829,83.5722,36.8377,247.093,13.4617,14.1914,0,0,0,1
4.4,-2.52528,87.8125,39.2908,242.339,13.4716,-14.0499,0,0,0,1
4.41,-1.62665,91.7665,41.6845,235.712,13.1807,-44.7977,0,0,0,1
4.42,-0.68995,95.4213,44.005,228.032,12.5756,-74.1957,0,0,0,1
4.43,0.281773,98.765,46.2451,219.32,11.6968,-97.3613,0,0,0,1
4.44,1.28535,101.787,48.3914,208.292,10.6284,-111.669,0,0,0,1
4.45,2.31751,104.476,50.411,193.229,9.4634,-117.738,0,0,0,1
4.46,3.37488,106.825,52.256,173.832,8.27364,-118.133,0,0,0,1
4.47,4.45402,108.826,53.8876,152.118,7.10074,-115.543,0,0,0,1
4.48,5.5514,110.472,55.2984,130.93,5.96278,-111.641,0,0,0,1
4.49,6.66346,111.758,56.5062,111.302,4.86793,-106.758,0,0,0,1
4.5,7.78656,112.679,57.5244,91.6153,3.82761,-100.319,0,0,0,1
4.51,8.91704,113.233,58.3385,69.6435,2.86155,-91.8318,0,0,0,1
4.52,10.0512,113.417,58.9173,45.2266,1.99097,-81.7858,0,0,0,1
4.53,11.1854,113.232,59.2431,20.5093,1.22584,-71.5894,0,0,0,1
4.54,12.3159,112.677,59.3274,-2.59214,0.559186,-62.5352,0,0,0,1
4.55,13.4389,111.755,59.1912,-24.8004,-0.0248665,-54.8202,0,0,0,1
4.56,14.551,110.469,58.8314,-48.8543,-0.537218,-47.6497,0,0,0,1
4.57,15.6483,108.822,58.2141,-76.3398,-0.977861,-40.2687,0,0,0,1
4.58,16.7274,106.821,57.3046,-105.557,-1.34259,-32.7535,0,0,0,1
4.59,17.7847,104.471,56.103,-133.034,-1.63293,-25.7329,0,0,0,1
4.6,18.8168,101.781,54.6439,-157.074,-1.85725,-19.4794,0,0,0,1
4.61,19.8203,98.7582,52.9615,-179.256,-2.02252,-13.4999,0,0,0,1
4.62,20.792,95.4138,51.0588,-202.29,-2.12725,-7.09474,0,0,0,1
4.63,21.7286,91.7582,48.9157,-226.79,-2.16441,-0.207963,0,0,0,1
4.64,22.6272,87.8035,46.523,-250.534,-2.13141,6.37578,0,0,0,1
4.65,23.4847,83.5624,43.905,-270.731,-2.0369,11.6449,0,0,0,1
4.66,24.2984,79.0489,41.1084,-286.591,-1.89851,15.0958,0,0,0,1
4.67,25.0657,74.2777,38.1732,-299.54,-1.73498,16.923,0,0,0,1
4.68,25.784,69.2643,35.1176,-311.225,-1.56005,17.6729,0,0,0,1
4.69,26.451,64.0251,31.9487,-321.65,-1.38152,17.8076,0,0,0,1
4.7,27.0645,58.5772,28.6846,-329.336,-1.2039,17.4869,0,0,0,1
4.71,27.6225,52.9382,25.362,-333.635,-1.03178,16.5856,0,0,0,1
4.72,28.1232,47.1268,22.0119,-338.004,-0.872186,14.8719,0,0,0,1
4.73,28.565,41.1617,18.6019,-350.886,-0.734345,12.2942,0,0,0,1
4.74,28.9465,35.0624,14.9942,-377.424,-0.626302,9.24973,0,0,0,1
4.75,29.2663,28.8488,11.0534,-399.626,-0.549351,6.65691,0,1,0,1
4.76,29.5234,22.5413,7.00166,-365.041,-0.493164,5.77531,0,0,0,1
4.77,29.7171,16.1602,3.75261,-220.431,-0.433845,7.83662,0,0,0,1
4.78,29.8467,9.72655,2.59304,15.4382,-0.336432,13.4917,0,0,0,1
4.79,29.9116,3.26116,4.06137,225.748,-0.16401,22.2126,0,0,0,1
4.8,29.9119,-3.21481,7.108,284.853,0.10782,32.1655,1,0,0,1
4.81,29.8473,-9.68027,9.75844,181.914,0.4793,40.9142,0,0,0,1
4.82,29.7183,-16.1141,10.7463,27.9611,0.926104,46.5852,0,0,0,1
4.83,29.5251,-22.4954,10.3177,-60.1467,1.411,48.6367,0,0,0,1
4.84,29.2684,-28.8032,9.54334,-54.1784,1.89884,47.7071,0,0,0,1
4.85,28.949,-35.0169,9.23409,0.871377,2.36515,44.9228,0,0,0,1
4.86,28.568,-41.1164,9.56077,54.4003,2.7973,41.2325,0,0,0,1
4.87,28.1267,-47.0816,10.3221,85.8972,3.1898,36.9071,0,0,0,1
4.88,27.6264,-52.8931,11.2787,97.8537,3.53544,31.3991,0,0,0,1
4.89,27.0688,-58.532,12.2792,98.4563,3.81778,23.8813,0,0,0,1
4.9,26.4558,-63.9797,13.2478,93.5807,4.01306,14.2415,0,0,0,1
4.91,25.7892,-69.2186,14.1508,86.4097,4.10261,3.59258,0,0,0,1
4.92,25.0714,-74.2315,14.976,78.3866,4.08491,-6.40518,0,0,0,1
4.93,24.3046,-79.002,15.7185,69.4079,3.97451,-14.8354,0,0,0,1
4.94,23.4913,-83.5146,16.3642,58.2417,3.78821,-22.0751,0,0,0,1
4.95,22.6343,-87.7546,16.8834,43.9141,3.533,-29.0646,0,0,0,1
4.96,21.7362,-91.7082,17.2425,27.1302,3.20691,-36.1725,0,0,0,1
4.97,20.8001,-95.3624,17.426,10.1958,2.80956,-42.8294,0,0,0,1
4.98,19.829,-98.7055,17.4464,-4.69723,2.35033,-48.1243,0,0,0,1
4.99,18.826,-101.726,17.332,-17.1249,1.84707,-51.5883,0,0,0,1
5,17.7945,-104.416,17.1039,-28.3173,1.31856,-53.4307,0,0,0,1
5.01,16.7377,-106.764,16.7657,-39.5042,0.778454,-54.2234,0,0,0,1
5.02,15.6592,-108.764,16.3138,-50.5665,0.234093,-54.4984,0,0,0,1
5.03,14.5624,-110.41,15.7543,-60.3223,-0.311513,-54.5751,0,0,0,1
5.04,13.451,-111.695,15.1074,-67.8663,-0.857409,-54.5923,0,0,0,1
5.05,12.3285,-112.617,14.397,-73.3792,-1.40336,-54.5953,0,0,0,1
5.06,11.1987,-113.171,13.6398,-77.715,-1.94932,-54.5957,0,0,0,1
5.07,10.0651,-113.356,12.8427,-81.4632,-2.49527,-54.5958,0,0,0,1
5.08,8.93155,-113.171,12.0105,-84.4591,-3.04123,-54.5959,0,0,0,1
5.09,7.80168,-112.618,11.1535,-85.9682,-3.58719,-54.5958,0,0,0,1
5.1,6.6792,-111.697,10.2911,-85.1785,-4.13315,-54.5943,0,0,0,1
5.11,5.56775,-110.412,9.44996,-81.6947,-4.67908,-54.5857,0,0,0,1
5.12,4.47096,-108.767,8.65725,-75.9013,-5.22486,-54.5473,0,0,0,1
5.13,3.39241,-106.767,7.93193,-68.9376,-5.77002,-54.4098,0,0,0,1
5.14,2.33561,-104.419,7.2785,-62.0707,-6.31306,-54.0135,0,0,0,1
5.15,1.30402,-101.731,6.69052,-55.8497,-6.85029,-53.0919,0,0,0,1
5.16,0.300996,-98.7103,6.16151,-49.8684,-7.3749,-51.3561,0,0,0,1
5.17,-0.670187,-95.3678,5.69315,-43.4301,-7.87742,-48.6873,0,0,0,1
5.18,-1.60636,-91.7141,5.29291,-36.4113,-8.34864,-45.266,0,0,0,1
5.19,-2.50447,-87.7611,4.96492,-29.3924,-8.78274,-41.3932,0,0,0,1
5.2,-3.36158,-83.5216,4.70506,-22.9533,-9.17651,-37.0281,0,0,0,1
5.21,-4.1749,-79.0096,4.50586,-16.9669,-9.5233,-31.5118,0,0,0,1
5.22,-4.94177,-74.2396,4.36572,-10.7197,-9.80674,-23.9827,0,0,0,1
5.23,-5.65969,-69.2272,4.29146,-3.73737,-10.003,-14.3014,0,0,0,1
5.24,-6.32632,-63.9889,4.29097,3.63908,-10.0928,-3.51163,0,0,0,1
5.25,-6.93947,-58.5417,4.36424,10.6217,-10.0732,6.88522,0,0,0,1
5.26,-7.49715,-52.9035,4.5034,16.87,-9.95507,16.2393,0,0,0,1
5.27,-7.99754,-47.0925,4.70165,22.8623,-9.7484,25.2186,0,0,0,1
5.28,-8.439,-41.1278,4.96065,29.3311,-9.45069,34.8915,0,0,0,1
5.29,-8.8201,-35.0289,5.28827,36.4751,-9.05057,45.482,0,0,0,1
5.3,-9.13958,-28.8157,5.69015,43.9201,-8.54106,56.2226,0,0,0,1
5.31,-9.39641,-22.5084,6.16667,51.5201,-7.92612,66.4601,0,0,0,1
5.32,-9.58975,-16.1277,6.72056,60.0358,-7.21185,76.698,0,0,0,1
5.33,-9.71896,-9.69444,7.36739,70.7062,-6.39216,88.2515,0,0,0,1
5.34,-9.78364,-3.22953,8.13468,83.9552,-5.44682,101.738,0,0,0,1
5.35,-9.78356,3.24589,9.04649,98.7078,-4.3574,116.07,0,0,0,1
5.36,-9.71872,9.71072,10.1088,113.388,-3.12543,129.193,0,0,0,1
5.37,-9.58934,16.1439,11.3142,127.705,-1.77354,139.823,0,0,0,1
5.38,-9.39584,22.5243,12.6629,143.123,-0.328967,148.295,0,0,0,1
5.39,-9.13885,28.8314,14.1767,161.208,1.19235,155.733,0,0,0,1
5.4,-8.81921,35.0444,15.8871,181.53,2.78568,162.535,0,0,0,1
5.41,-8.43797,41.1431,17.8073,201.398,4.44306,167.531,0,0,0,1
5.42,-7.99635,47.1077,19.9151,217.785,6.13631,168.186,0,0,0,1
5.43,-7.49581,52.9186,22.163,229.419,7.80679,161.549,0,0,0,1
5.44,-6.93798,58.5569,24.5035,237.119,9.36729,145.778,0,0,0,1
5.45,-6.32467,64.0044,26.9054,242.475,10.7223,121.8,0,0,0,1
5.46,-5.65789,69.243,29.3529,246.437,11.8033,93.561,0,0,0,1
5.47,-4.93981,74.2559,31.8341,248.93,12.5936,65.644,0,0,0,1
5.48,-4.17278,79.0266,34.3315,249.333,13.1162,39.8419,0,0,1,1
5.49,-3.35928,83.5395,36.8208,247.134,13.3904,14.2212,0,0,0,1
5.5,-2.50198,87.78,39.2742,242.379,13.4006,-14.0201,0,0,0,1
5.51,-1.60368,91.7342,41.6684,235.752,13.11,-44.7681,0,0,0,1
5.52,-0.6673,95.3892,43.9893,228.072,12.5052,-74.1661,0,0,0,1
5.53,0.304104,98.7331,46.2298,219.359,11.6267,-97.3319,0,0,0,1
5.54,1.30736,101.755,48.3765,208.331,10.5586,-111.639,0,0,0,1
5.55,2.3392,104.445,50.3964,193.268,9.39388,-117.709,0,0,0,1
5.56,3.39626,106.794,52.2418,173.871,8.20441,-118.104,0,0,0,1
5.57,4.47509,108.795,53.8738,152.156,7.0318,-115.514,0,0,0,1
5.58,5.57217,110.441,55.2849,130.968,5.89412,-111.612,0,0,0,1
5.59,6.68392,111.727,56.4932,111.339,4.79956,-106.73,0,0,0,1
5.6,7.80671,112.649,57.5117,91.6529,3.75952,-100.291,0,0,0,1
5.61,8.93689,113.203,58.3263,69.6809,2.79374,-91.8041,0,0,0,1
5.62,10.0708,113.387,58.9054,45.2637,1.92344,-81.7585,0,0,0,1
5.63,11.2046,113.202,59.2315,20.5461,1.15857,-71.5622,0,0,0,1
5.64,12.3348,112.648,59.3163,-2.55554,0.492191,-62.5083,0,0,0,1
5.65,13.4576,111.726,59.1804,-24.764,-0.0915945,-54.7936,0,0,0,1
5.66,14.5693,110.44,58.821,-48.8182,-0.603681,-47.6233,0,0,0,1
5.67,15.6664,108.794,58.2041,-76.304,-1.04406,-40.2425,0,0,0,1
5.68,16.7452,106.792,57.2949,-105.521,-1.40853,-32.7275,0,0,0,1
5.69,17.8022,104.443,56.0936,-132.999,-1.69861,-25.7072,0,0,0,1
5.7,18.8341,101.752,54.6349,-157.039,-1.92268,-19.4539,0,0,0,1
5.71,19.8373,98.7302,52.9529,-179.222,-2.08769,-13.4747,0,0,0,1
5.72,20.8087,95.386,51.0505,-202.256,-2.19217,-7.06977,0,0,0,1
5.73,21.745,91.7307,48.9077,-226.756,-2.22908,-0.183226,0,0,0,1
5.74,22.6433,87.7761,46.5154,-250.5,-2.19583,6.40029,0,0,0,1
5.75,23.5005,83.5353,43.8977,-270.697,-2.10108,11.6692,0,0,0,1
5.76,24.314,79.022,41.1014,-286.558,-1.96245,15.1199,0,0,0,1
5.77,25.081,74.251,38.1666,-299.507,-1.79868,16.9469,0,0,0,1
5.78,25.799,69.2378,35.1113,-311.192,-1.62351,17.6968,0,0,0,1
5.79,26.4657,63.9988,31.9427,-321.618,-1.44475,17.8313,0,0,0,1
5.8,27.079,58.5511,28.679,-329.304,-1.26688,17.5105,0,0,0,1
5.81,27.6368,52.9124,25.3567,-333.603,-1.09454,16.6091,0,0,0,1
5.82,28.1372,47.1011,22.0069,-337.973,-0.934703,14.8953,0,0,0,1
5.83,28.5788,41.1362,18.5972,-350.855,-0.796628,12.3176,0,0,0,1
5.84,28.96,35.0372,14.9898,-377.394,-0.688352,9.27301,0,0,0,1
5.85,29.2795,28.8238,11.0494,-399.595,-0.611168,6.68003,0,1,0,1
5.86,29.5364,22.5164,6.9979,-365.01,-0.554751,5.7983,0,0,0,1
5.87,29.7299,16.1356,3.74915,-220.4,-0.495202,7.85949,0,0,0,1
5.88,29.8591,9.70213,2.58989,15.4683,-0.397561,13.5145,0,0,0,1
5.89,29.9239,3.23696,4.05852,225.778,-0.224913,22.2352,0,0,0,1
5.9,29.9239,-3.23881,7.10544,284.883,0.0471426,32.188,1,0,0,1
5.91,29.8591,-9.70407,9.75617,181.943,0.418848,40.9366,0,0,0,1
5.92,29.7298,-16.1377,10.7443,27.9903,0.865874,46.6074,0,0,0,1
5.93,29.5364,-22.5188,10.316,-60.1178,1.351,48.6588,0,0,0,1
5.94,29.2794,-28.8264,9.54194,-54.1497,1.83905,47.7291,0,0,0,1
5.95,28.9598,-35.0399,9.23298,0.899797,2.30558,44.9446,0,0,0,1
5.96,28.5786,-41.1391,9.55994,54.4285,2.73794,41.2541,0,0,0,1
5.97,28.1371,-47.1042,10.3216,85.9252,3.13066,36.9286,0,0,0,1
5.98,27.6365,-52.9155,11.2784,97.8814,3.47651,31.4205,0,0,0,1
5.99,27.0787,-58.5541,12.2792,98.4838,3.75907,23.9025,0,0,0,1
6,26.4655,-64.0017,13.2481,93.608,3.95457,14.2627,0,0,0,1
6.01,25.7987,-69.2403,14.1513,86.4368,4.04432,3.61361,0,0,0,1
6.02,25.0807,-74.253,14.9769,78.4135,4.02684,-6.38427,0,0,0,1
6.03,24.3137,-79.0233,15.7196,69.4345,3.91664,-14.8146,0,0,0,1
6.04,23.5002,-83.5357,16.3655,58.268,3.73055,-22.0544,0,0,0,1
6.05,22.6429,-87.7755,16.885,43.9402,3.47555,-29.044,0,0,0,1
6.06,21.7447,-91.7289,17.2444,27.1561,3.14967,-36.152,0,0,0,1
6.07,20.8084,-95.383,17.4281,10.2215,2.75251,-42.809,0,0,0,1
6.08,19.837,-98.7258,17.4488,-4.67179,2.29349,-48.1041,0,0,0,1
6.09,18.8338,-101.747,17.3347,-17.0997,1.79043,-51.5682,0,0,0,1
6.1,17.8021,-104.436,17.1068,-28.2924,1.26212,-53.4106,0,0,0,1
6.11,16.7451,-106.784,16.7688,-39.4796,0.722217,-54.2033,0,0,0,1
6.12,15.6664,-108.784,16.3172,-50.5421,0.178056,-54.4784,0,0,0,1
6.13,14.5695,-110.429,15.758,-60.2982,-0.367351,-54.5552,0,0,0,1
6.14,13.4578,-111.714,15.1112,-67.8424,-0.913048,-54.5725,0,0,0,1
6.15,12.3352,-112.635,14.4011,-73.3557,-1.4588,-54.5755,0,0,0,1
6.16,11.2051,-113.189,13.6441,-77.6917,-2.00456,-54.576,0,0,0,1
6.17,10.0714,-113.374,12.8473,-81.4402,-2.55032,-54.5761,0,0,0,1
6.18,8.93764,-113.189,12.0153,-84.4364,-3.09608,-54.5763,0,0,0,1
6.19,7.80759,-112.636,11.1586,-85.9458,-3.64185,-54.5762,0,0,0,1
6.2,6.68492,-111.715,10.2964,-85.1562,-4.18761,-54.5748,0,0,0,1
6.21,5.57329,-110.43,9.45543,-81.6727,-4.73334,-54.5663,0,0,0,1
6.22,4.47633,-108.785,8.66295,-75.8795,-5.27893,-54.528,0,0,0,1
6.23,3.3976,-106.785,7.93784,-68.916,-5.8239,-54.3906,0,0,0,1
6.24,2.34063,-104.437,7.28463,-62.0493,-6.36674,-53.9945,0,0,0,1
6.25,1.30887,-101.748,6.69685,-55.8286,-6.90379,-53.073,0,0,0,1
6.26,0.305679,-98.7271,6.16806,-49.8474,-7.4282,-51.3373,0,0,0,1
6.27,-0.665671,-95.3844,5.69991,-43.4093,-7.93054,-48.6686,0,0,0,1
6.28,-1.60201,-91.7305,5.29987,-36.3908,-8.40158,-45.2473,0,0,0,1
6.29,-2.50028,-87.7773,4.97209,-29.3721,-8.83548,-41.3747,0,0,0,1
6.3,-3.35755,-83.5376,4.71243,-22.9331,-9.22907,-37.0097,0,0,0,1
6.31,-4.17103,-79.0254,4.51343,-16.9469,-9.57568,-31.4935,0,0,0,1
6.32,-4.93806,-74.2552,4.37349,-10.6999,-9.85894,-23.9646,0,0,0,1
6.33,-5.65614,-69.2427,4.29943,-3.71782,-10.055,-14.2833,0,0,0,1
6.34,-6.32292,-64.0042,4.29913,3.65843,-10.1446,-3.49366,0,0,0,1
6.35,-6.93622,-58.5568,4.3726,10.6408,-10.1248,6.90309,0,0,0,1
6.36,-7.49405,-52.9183,4.51195,16.889,-10.0065,16.2571,0,0,0,1
6.37,-7.99459,-47.1072,4.71038,22.8811,-9.7997,25.2363,0,0,0,1
6.38,-8.4362,-41.1423,4.96957,29.3497,-9.50182,34.9091,0,0,0,1
6.39,-8.81743,-35.0432,5.29737,36.4935,-9.10152,45.4994,0,0,0,1
6.4,-9.13706,-28.8298,5.69944,43.9383,-8.59183,56.2399,0,0,0,1
6.41,-9.39403,-22.5224,6.17614,51.5381,-7.97672,66.4773,0,0,0,1
6.42,-9.58751,-16.1415,6.7302,60.0535,-7.26228,76.7151,0,0,0,1
6.43,-9.71686,-9.70799,7.37721,70.7237,-6.44242,88.2685,0,0,0,1
6.44,-9.78167,-3.24289,8.14468,83.9726,-5.49692,101.755,0,0,0,1
6.45,-9.78172,3.23272,9.05666,98.725,-4.40733,116.087,0,0,0,1
6.46,-9.71701,9.69774,10.1192,113.405,-3.17518,129.21,0,0,0,1
6.47,-9.58776,16.1311,11.3248,127.722,-1.82313,139.84,0,0,0,1
6.48,-9.39439,22.5117,12.6736,143.14,-0.378388,148.311,0,0,0,1
6.49,-9.13753,28.8189,14.1875,161.225,1.1431,155.749,0,0,0,1
6.5,-8.81801,35.0322,15.8981,181.546,2.73659,162.552,0,0,0,1
6.51,-8.43688,41.1311,17.8185,201.414,4.39413,167.548,0,0,0,1
6.52,-7.99539,47.0958,19.9264,217.801,6.08754,168.203,0,0,0,1
6.53,-7.49497,52.9069,22.1745,229.434,7.75818,161.565,0,0,0,1
6.54,-6.93725,58.5454,24.5151,237.134,9.31885,145.794,0,0,0,1
6.55,-6.32406,63.993,26.9172,242.49,10.6741,121.816,0,0,0,1
6.56,-5.65739,69.2319,29.3649,246.452,11.7552,93.577,0,0,0,1
6.57,-4.93942,74.2449,31.8462,248.945,12.5456,65.6598,0,0,0,1
6.58,-4.17249,79.0158,34.3438,249.348,13.0684,39.8577,0,0,1,1
6.59,-3.35911,83.5289,36.8332,247.148,13.3427,14.2369,0,0,0,1
6.6,-2.50191,87.7696,39.2868,242.394,13.3531,-14.0045,0,0,0,1
6.61,-1.60371,91.724,41.681,235.767,13.0627,-44.7526,0,0,0,1
6.62,-0.667433,95.3792,44.0021,228.086,12.458,-74.1507,0,0,0,1
6.63,0.303871,98.7233,46.2428,219.373,11.5796,-97.3166,0,0,0,1
6.64,1.30703,101.745,48.3896,208.345,10.5117,-111.624,0,0,0,1
6.65,2.33878,104.436,50.4097,193.282,9.34716,-117.694,0,0,0,1
6.66,3.39574,106.785,52.2552,173.884,8.15784,-118.089,0,0,0,1
6.67,4.47448,108.786,53.8873,152.169,6.98538,-115.5,0,0,0,1
6.68,5.57147,110.432,55.2986,130.981,5.84785,-111.597,0,0,0,1
6.69,6.68313,111.718,56.507,111.352,4.75343,-106.716,0,0,0,1
6.7,7.80583,112.64,57.5256,91.6655,3.71354,-100.276,0,0,0,1
6.71,8.93593,113.194,58.3403,69.6933,2.7479,-91.7897,0,0,0,1
6.72,10.0697,113.379,58.9195,45.276,1.87774,-81.7442,0,0,0,1
6.73,11.2035,113.194,59.2458,20.5582,1.11302,-71.5481,0,0,0,1
6.74,12.3336,112.64,59.3306,-2.54363,0.44678,-62.4943,0,0,0,1
6.75,13.4563,111.719,59.1949,-24.7523,-0.136866,-54.7797,0,0,0,1
6.76,14.568,110.433,58.8356,-48.8066,-0.648814,-47.6096,0,0,0,1
6.77,15.665,108.786,58.2188,-76.2925,-1.08906,-40.2289,0,0,0,1
6.78,16.7437,106.785,57.3098,-105.51,-1.45339,-32.714,0,0,0,1
6.79,17.8007,104.436,56.1086,-132.988,-1.74334,-25.6939,0,0,0,1
6.8,18.8324,101.746,54.65,-157.028,-1.96727,-19.4407,0,0,0,1
6.81,19.8356,98.7236,52.968,-179.211,-2.13215,-13.4616,0,0,0,1
6.82,20.8069,95.3795,51.0658,-202.245,-2.2365,-7.05677,0,0,0,1
6.83,21.7432,91.7244,48.9231,-226.745,-2.27329,-0.170349,0,0,0,1
6.84,22.6414,87.77,46.5309,-250.489,-2.23991,6.41305,0,0,0,1
6.85,23.4986,83.5293,43.9133,-270.687,-2.14503,11.6819,0,0,0,1
6.86,24.312,79.0162,41.1171,-286.548,-2.00627,15.1325,0,0,0,1
6.87,25.0789,74.2454,38.1824,-299.497,-1.84238,16.9593,0,0,0,1
6.88,25.7969,69.2324,35.1272,-311.182,-1.66708,17.709,0,0,0,1
6.89,26.4635,63.9935,31.9587,-321.608,-1.4882,17.8435,0,0,0,1
6.9,27.0767,58.546,28.695,-329.294,-1.31021,17.5226,0,0,0,1
6.91,27.6345,52.9074,25.3728,-333.594,-1.13774,16.6211,0,0,0,1
6.92,28.1349,47.0963,22.0231,-337.964,-0.977791,14.9073,0,0,0,1
6.93,28.5764,41.1316,18.6136,-350.846,-0.839597,12.3295,0,0,0,1
6.94,28.9575,35.0328,15.0062,-377.385,-0.731202,9.28483,0,0,0,1
6.95,29.277,28.8195,11.0659,-399.587,-0.653901,6.69177,0,1,0,1
6.96,29.5339,22.5123,7.01449,-365.002,-0.597366,5.80996,0,0,0,1
6.97,29.7273,16.1317,3.76582,-220.392,-0.537702,7.87107,0,0,0,1
6.98,29.8565,9.69837,2.60664,15.4762,-0.439945,13.526,0,0,0,1
6.99,29.9213,3.23336,4.07535,225.785,-0.267182,22.2466,0,0,0,1
7,29.9212,-3.24224,7.12235,284.89,0.00498695,32.1993,1,0,0,1
7.01,29.8564,-9.70733,9.77316,181.951,0.376805,40.9478,0,0,0,1
7.02,29.7271,-16.1408,10.7614,27.9976,0.823943,46.6185,0,0,0,1
7.03,29.5336,-22.5217,10.3331,-60.1106,1.30918,48.6698,0,0,0,1
7.04,29.2766,-28.8291,9.55915,-54.1426,1.79734,47.7399,0,0,0,1
7.05,28.957,-35.0425,9.25026,0.90672,2.26397,44.9554,0,0,0,1
7.06,28.5758,-41.1416,9.57728,54.4353,2.69645,41.2648,0,0,0,1
7.07,28.1342,-47.1065,10.339,85.9318,3.08927,36.9392,0,0,0,1
7.08,27.6337,-52.9176,11.2959,97.8879,3.43523,31.4309,0,0,0,1
7.09,27.0758,-58.5561,12.2967,98.4902,3.71789,23.9129,0,0,0,1
7.1,26.4625,-64.0034,13.2657,93.6142,3.91349,14.2729,0,0,0,1
7.11,25.7958,-69.242,14.169,86.4428,4.00335,3.62372,0,0,0,1
7.12,25.0777,-74.2545,14.9946,78.4194,3.98596,-6.37424,0,0,0,1
7.13,24.3107,-79.0246,15.7374,69.4403,3.87586,-14.8046,0,0,0,1
7.14,23.4972,-83.5369,16.3834,58.2737,3.68987,-22.0445,0,0,0,1
7.15,22.6399,-87.7765,16.9029,43.9458,3.43497,-29.0342,0,0,0,1
7.16,21.7417,-91.7297,17.2623,27.1615,3.10918,-36.1423,0,0,0,1
7.17,20.8053,-95.3836,17.4461,10.2267,2.71212,-42.7994,0,0,0,1
7.18,19.834,-98.7263,17.4668,-4.66668,2.2532,-48.0945,0,0,0,1
7.19,18.8308,-101.747,17.3528,-17.0947,1.75023,-51.5586,0,0,0,1
7.2,17.7991,-104.436,17.1249,-28.2875,1.22202,-53.4012,0,0,0,1
7.21,16.7421,-106.784,16.787,-39.4748,0.682211,-54.194,0,0,0,1
7.22,15.6634,-108.784,16.3354,-50.5375,0.138143,-54.4691,0,0,0,1
7.23,14.5664,-110.429,15.7763,-60.2938,-0.407171,-54.546,0,0,0,1
7.24,13.4548,-111.714,15.1296,-67.8381,-0.952776,-54.5633,0,0,0,1
7.25,12.3321,-112.635,14.4195,-73.3515,-1.49844,-54.5664,0,0,0,1
7.26,11.2021,-113.189,13.6625,-77.6877,-2.0441,-54.5669,0,0,0,1
7.27,10.0684,-113.373,12.8657,-81.4362,-2.58978,-54.5672,0,0,0,1
7.28,8.93464,-113.188,12.0338,-84.4326,-3.13545,-54.5674,0,0,0,1
7.29,7.80461,-112.635,11.1771,-85.942,-3.68112,-54.5674,0,0,0,1
7.3,6.68195,-111.714,10.315,-85.1526,-4.2268,-54.5661,0,0,0,1
7.31,5.57034,-110.428,9.47404,-81.6692,-4.77244,-54.5576,0,0,0,1
7.32,4.47339,-108.783,8.68159,-75.8761,-5.31795,-54.5194,0,0,0,1
7.33,3.39468,-106.783,7.95652,-68.9127,-5.86283,-54.3821,0,0,0,1
7.34,2.33773,-104.435,7.30333,-62.0462,-6.40559,-53.986,0,0,0,1
7.35,1.30599,-101.746,6.71559,-55.8256,-6.94255,-53.0646,0,0,0,1
7.36,0.302818,-98.7248,6.18682,-49.8445,-7.46688,-51.3289,0,0,0,1
7.37,-0.668509,-95.382,5.7187,-43.4066,-7.96913,-48.6603,0,0,0,1
7.38,-1.60482,-91.7279,5.31869,-36.3881,-8.44009,-45.2391,0,0,0,1
7.39,-2.50307,-87.7746,4.99094,-29.3695,-8.87391,-41.3665,0,0,0,1
7.4,-3.36031,-83.5348,4.7313,-22.9307,-9.26742,-37.0016,0,0,0,1
7.41,-4.17376,-79.0224,4.53232,-16.9446,-9.61394,-31.4855,0,0,0,1
7.42,-4.94076,-74.252,4.39241,-10.6977,-9.89713,-23.9566,0,0,0,1
7.43,-5.6588,-69.2394,4.31837,-3.71575,-10.0931,-14.2754,0,0,0,1
7.44,-6.32555,-64.0007,4.31809,3.66039,-10.1826,-3.48577,0,0,0,1
7.45,-6.93882,-58.5532,4.39158,10.6427,-10.1628,6.91092,0,0,0,1
7.46,-7.49661,-52.9146,4.53095,16.8907,-10.0444,16.2649,0,0,0,1
7.47,-7.99711,-47.1032,4.72939,22.8827,-9.83749,25.244,0,0,0,1
7.48,-8.43868,-41.1382,4.9886,29.3512,-9.53954,34.9167,0,0,0,1
7.49,-8.81987,-35.039,5.31642,36.4949,-9.13916,45.507,0,0,0,1
7.5,-9.13946,-28.8255,5.7185,43.9396,-8.6294,56.2475,0,0,0,1
7.51,-9.39638,-22.5179,6.19521,51.5393,-8.01421,66.4848,0,0,0,1
7.52,-9.58981,-16.1368,6.74928,60.0546,-7.2997,76.7225,0,0,0,1
7.53,-9.71912,-9.70321,7.3963,70.7247,-6.47976,88.2759,0,0,0,1
7.54,-9.78388,-3.23797,8.16378,83.9735,-5.53418,101.762,0,0,0,1
7.55,-9.78388,3.23779,9.07577,98.7257,-4.44452,116.094,0,0,0,1
7.56,-9.71912,9.70295,10.1383,113.406,-3.2123,129.217,0,0,0,1
7.57,-9.58982,16.1364,11.3439,127.723,-1.86017,139.847,0,0,0,1
7.58,-9.39639,22.5172,12.6927,143.14,-0.415364,148.318,0,0,0,1
7.59,-9.13947,28.8246,14.2067,161.225,1.10619,155.756,0,0,0,1
7.6,-8.8199,35.038,15.9173,181.546,2.69976,162.559,0,0,0,1
7.61,-8.43872,41.137,17.8376,201.414,4.35736,167.554,0,0,0,1
7.62,-7.99716,47.1019,19.9455,217.801,6.05085,168.21,0,0,0,1
7.63,-7.49668,52.9131,22.1936,229.434,7.72155,161.572,0,0,0,1
7.64,-6.9389,58.5518,24.5342,237.134,9.28229,145.8,0,0,0,1
7.65,-6.32564,63.9995,26.9363,242.49,10.6376,121.823,0,0,0,1
7.66,-5.65891,69.2385,29.384,246.451,11.7187,93.5836,0,0,0,1
7.67,-4.94087,74.2517,31.8653,248.945,12.5092,65.6664,0,0,0,1
7.68,-4.17387,79.0227,34.3629,249.348,13.0321,39.8642,0,0,1,1
7.69,-3.36042,83.536,36.8523,247.148,13.3065,14.2434,0,0,0,1
7.7,-2.50316,87.7768,39.3059,242.393,13.3169,-13.9981,0,0,0,1
7.71,-1.60488,91.7313,41.7001,235.766,13.0266,-44.7462,0,0,0,1
7.72,-0.668529,95.3866,44.0212,228.085,12.422,-74.1444,0,0,0,1
7.73,0.302851,98.7309,46.2619,219.372,11.5437,-97.3103,0,0,0,1
7.74,1.30609,101.753,48.4086,208.344,10.4758,-111.618,0,0,0,1
7.75,2.33791,104.443,50.4287,193.281,9.31131,-117.688,0,0,0,1
7.76,3.39496,106.793,52.2742,173.883,8.12205,-118.083,0,0,0,1
7.77,4.47377,108.794,53.9064,152.168,6.94965,-115.493,0,0,0,1
7.78,5.57084,110.441,55.3176,130.979,5.81218,-111.591,0,0,0,1
7.79,6.68258,111.727,56.526,111.351,4.71782,-106.71,0,0,0,1
7.8,7.80538,112.649,57.5446,91.664,3.67799,-100.27,0,0,0,1
7.81,8.93556,113.203,58.3593,69.6917,2.71241,-91.7839,0,0,0,1
7.82,10.0694,113.388,58.9385,45.2743,1.84231,-81.7384,0,0,0,1
7.83,11.2033,113.203,59.2647,20.5565,1.07765,-71.5424,0,0,0,1
7.84,12.3335,112.649,59.3496,-2.54549,0.411463,-62.4886,0,0,0,1
7.85,13.4563,111.728,59.2138,-24.7542,-0.172126,-54.7741,0,0,0,1
7.86,14.5681,110.442,58.8545,-48.8086,-0.684019,-47.604,0,0,0,1
7.87,15.6651,108.796,58.2377,-76.2946,-1.12421,-40.2234,0,0,0,1
7.88,16.744,106.795,57.3286,-105.512,-1.48849,-32.7086,0,0,0,1
7.89,17.801,104.445,56.1274,-132.99,-1.77838,-25.6885,0,0,0,1
7.9,18.8329,101.755,54.6688,-157.03,-2.00226,-19.4354,0,0,0,1
7.91,19.8361,98.7335,52.9868,-179.213,-2.16709,-13.4563,0,0,0,1
7.92,20.8075,95.3896,51.0845,-202.248,-2.27138,-7.05158,0,0,0,1
7.93,21.7439,91.7345,48.9419,-226.748,-2.30812,-0.165215,0,0,0,1
7.94,22.6422,87.7803,46.5496,-250.492,-2.27469,6.41815,0,0,0,1
7.95,23.4995,83.5398,43.932,-270.69,-2.17975,11.687,0,0,0,1
7.96,24.313,79.0268,41.1358,-286.551,-2.04095,15.1375,0,0,0,1
7.97,25.0801,74.2561,38.201,-299.5,-1.877,16.9644,0,0,0,1
7.98,25.7982,69.2432,35.1458,-311.185,-1.70166,17.7141,0,0,0,1
7.99,26.4649,64.0045,31.9773,-321.612,-1.52272,17.8485,0,0,0,1
8,27.0782,58.557,28.7136,-329.298,-1.34469,17.5276,0,0,0,1
8.01,27.6361,52.9186,25.3913,-333.598,-1.17217,16.6261,0,0,0,1
8.02,28.1366,47.1076,22.0416,-337.967,-1.01217,14.9123,0,0,0,1
8.03,28.5782,41.1431,18.632,-350.85,-0.873922,12.3346,0,0,0,1
8.04,28.9595,35.0443,15.0246,-377.389,-0.765475,9.28997,0,0,0,1
8.05,29.2791,28.8312,11.0842,-399.591,-0.688122,6.69698,0,1,0,1
8.06,29.5361,22.5241,7.0328,-365.006,-0.631535,5.81521,0,0,0,1
8.07,29.7296,16.1436,3.78409,-220.397,-0.571818,7.87633,0,0,0,1
8.08,29.859,9.7104,2.62487,15.472,-0.474009,13.5312,0,0,0,1
8.09,29.9238,3.24551,4.09353,225.781,-0.301194,22.2518,0,0,0,1
8.1,29.9239,-3.22998,7.14049,284.886,-0.0289721,32.2046,1,0,0,1
8.11,29.8592,-9.69495,9.79126,181.946,0.342898,40.953,0,0,0,1
8.12,29.73,-16.1283,10.7794,27.9932,0.790089,46.6238,0,0,0,1
8.13,29.5366,-22.5091,10.3511,-60.1151,1.27537,48.6751,0,0,0,1
8.14,29.2798,-28.8164,9.57711,-54.1472,1.76359,47.7452,0,0,0,1
8.15,28.9603,-35.0297,9.26818,0.902117,2.23028,44.9607,0,0,0,1
8.16,28.5792,-41.1286,9.59515,54.4306,2.6628,41.2701,0,0,0,1
8.17,28.1377,-47.0934,10.3568,85.9271,3.05568,36.9445,0,0,0,1
8.18,27.6373,-52.9044,11.3137,97.8831,3.40169,31.4363,0,0,0,1
8.19,27.0797,-58.5428,12.3144,98.4854,3.68441,23.9182,0,0,0,1
8.2,26.4665,-63.99,13.2834,93.6093,3.88006,14.2783,0,0,0,1
8.21,25.7998,-69.2284,14.1866,86.4379,3.96997,3.62913,0,0,0,1
8.22,25.0819,-74.2408,15.0122,78.4145,3.95264,-6.36882,0,0,0,1
8.23,24.315,-79.0109,15.7549,69.4353,3.84259,-14.7992,0,0,0,1
8.24,23.5017,-83.523,16.4009,58.2686,3.65666,-22.0391,0,0,0,1
8.25,22.6446,-87.7625,16.9203,43.9407,3.40181,-29.0288,0,0,0,1
8.26,21.7464,-91.7156,17.2797,27.1564,3.07608,-36.1369,0,0,0,1
8.27,20.8103,-95.3694,17.4634,10.2216,2.67908,-42.794,0,0,0,1
8.28,19.8391,-98.712,17.4841,-4.67184,2.2202,-48.0891,0,0,0,1
8.29,18.836,-101.733,17.37,-17.0999,1.71729,-51.5533,0,0,0,1
8.3,17.8044,-104.421,17.1421,-28.2927,1.18913,-53.3959,0,0,0,1
8.31,16.7476,-106.769,16.8041,-39.48,0.649376,-54.1887,0,0,0,1
8.32,15.669,-108.769,16.3525,-50.5427,0.10536,-54.4639,0,0,0,1
8.33,14.5722,-110.414,15.7933,-60.2989,-0.439901,-54.5408,0,0,0,1
8.34,13.4607,-111.699,15.1465,-67.8433,-0.985455,-54.5581,0,0,0,1
8.35,12.3382,-112.62,14.4364,-73.3566,-1.53106,-54.5613,0,0,0,1
8.36,11.2083,-113.173,13.6794,-77.6928,-2.07668,-54.5619,0,0,0,1
8.37,10.0748,-113.358,12.8826,-81.4414,-2.6223,-54.5621,0,0,0,1
8.38,8.94119,-113.173,12.0506,-84.4377,-3.16792,-54.5624,0,0,0,1
8.39,7.8113,-112.619,11.1938,-85.9472,-3.71355,-54.5624,0,0,0,1
8.4,6.6888,-111.698,10.3316,-85.1578,-4.25917,-54.5611,0,0,0,1
8.41,5.57734,-110.413,9.49065,-81.6743,-4.80477,-54.5526,0,0,0,1
8.42,4.48055,-108.767,8.69815,-75.8813,-5.35022,-54.5144,0,0,0,1
8.43,3.402,-106.767,7.97302,-68.9179,-5.89506,-54.3771,0,0,0,1
8.44,2.34521,-104.419,7.31979,-62.0515,-6.43777,-53.981,0,0,0,1
8.45,1.31363,-101.73,6.732,-55.8308,-6.97468,-53.0596,0,0,0,1
8.46,0.310622,-98.7087,6.20317,-49.8498,-7.49896,-51.3239,0,0,0,1
8.47,-0.660542,-95.3657,5.735,-43.4119,-8.00116,-48.6553,0,0,0,1
8.48,-1.59669,-91.7116,5.33494,-36.3935,-8.47206,-45.234,0,0,0,1
8.49,-2.49477,-87.7581,5.00713,-29.3749,-8.90584,-41.3614,0,0,0,1
8.5,-3.35185,-83.5182,4.74744,-22.9361,-9.29929,-36.9965,0,0,0,1
8.51,-4.16514,-79.0057,4.54841,-16.9501,-9.64577,-31.4804,0,0,0,1
8.52,-4.93197,-74.2353,4.40844,-10.7032,-9.9289,-23.9514,0,0,0,1
8.53,-5.64984,-69.2225,4.33434,-3.7212,-10.1248,-14.2703,0,0,0,1
8.54,-6.31642,-63.9838,4.33401,3.65491,-10.2143,-3.48062,0,0,0,1
8.55,-6.92952,-58.5361,4.40744,10.6372,-10.1944,6.91609,0,0,0,1
8.56,-7.48714,-52.8974,4.54676,16.8852,-10.076,16.2701,0,0,0,1
8.57,-7.98747,-47.086,4.74515,22.8772,-9.86901,25.2492,0,0,0,1
8.58,-8.42886,-41.1209,5.0043,29.3457,-9.571,34.922,0,0,0,1
8.59,-8.80988,-35.0216,5.33206,36.4893,-9.17057,45.5123,0,0,0,1
8.6,-9.12929,-28.808,5.73409,43.934,-8.66075,56.2528,0,0,0,1
8.61,-9.38604,-22.5003,6.21074,51.5337,-8.04551,66.4901,0,0,0,1
8.62,-9.5793,-16.1192,6.76476,60.049,-7.33095,76.7279,0,0,0,1
8.63,-9.70843,-9.68542,7.41172,70.7191,-6.51096,88.2813,0,0,0,1
8.64,-9.77301,-3.22009,8.17914,83.9678,-5.56532,101.767,0,0,0,1
8.65,-9.77283,3.25575,9.09108,98.7201,-4.47561,116.099,0,0,0,1
8.66,-9.70789,9.721,10.1535,113.4,-3.24334,129.223,0,0,0,1
8.67,-9.57841,16.1546,11.3591,127.717,-1.89115,139.852,0,0,0,1
8.68,-9.3848,22.5355,12.7079,143.134,-0.44629,148.324,0,0,0,1
8.69,-9.1277,28.8429,14.2218,161.22,1.07532,155.762,0,0,0,1
8.7,-8.80794,35.0564,15.9323,181.54,2.66894,162.564,0,0,0,1
8.71,-8.42657,41.1555,17.8526,201.409,4.3266,167.56,0,0,0,1
8.72,-7.98483,47.1204,19.9605,217.796,6.02014,168.215,0,0,0,1
8.73,-7.48416,52.9318,22.2085,229.429,7.69091,161.578,0,0,0,1
8.74,-6.9262,58.5705,24.549,237.128,9.2517,145.806,0,0,0,1
8.75,-6.31275,64.0184,26.9511,242.484,10.607,121.828,0,0,0,1
8.76,-5.64583,69.2574,29.3987,246.446,11.6883,93.5893,0,0,0,1
8.77,-4.9276,74.2707,31.88,248.939,12.4788,65.6721,0,0,0,1
8.78,-4.16042,79.0418,34.3775,249.342,13.0017,39.8699,0,0,1,1
8.79,-3.34677,83.5551,36.8668,247.142,13.2762,14.2491,0,0,0,1
8.8,-2.48931,87.796,39.3203,242.387,13.2867,-13.9923,0,0,0,1
8.81,-1.59085,91.7507,41.7145,235.76,12.9964,-44.7404,0,0,0,1
8.82,-0.6543,95.4061,44.0355,228.079,12.3919,-74.1385,0,0,0,1
8.83,0.317274,98.7504,46.2761,219.367,11.5136,-97.3044,0,0,0,1
8.84,1.32071,101.773,48.4229,208.338,10.4458,-111.612,0,0,0,1
8.85,2.35273,104.463,50.4429,193.275,9.28135,-117.682,0,0,0,1
8.86,3.40997,106.813,52.2884,173.877,8.09216,-118.077,0,0,0,1
8.87,4.48898,108.814,53.9204,152.162,6.91982,-115.487,0,0,0,1
8.88,5.58625,110.461,55.3316,130.974,5.78241,-111.585,0,0,0,1
8.89,6.69819,111.747,56.5399,111.345,4.68812,-106.704,0,0,0,1
8.9,7.82118,112.669,57.5585,91.6583,3.64834,-100.264,0,0,0,1
8.91,8.95156,113.223,58.3731,69.686,2.68283,-91.7779,0,0,0,1
8.92,10.0856,113.408,58.9522,45.2686,1.81278,-81.7325,0,0,0,1
8.93,11.2197,113.223,59.2784,20.5508,1.04818,-71.5365,0,0,0,1
8.94,12.3501,112.67,59.3632,-2.55113,0.382053,-62.4828,0,0,0,1
8.95,13.4731,111.748,59.2274,-24.7599,-0.201478,-54.7683,0,0,0,1
8.96,14.5851,110.462,58.868,-48.8143,-0.713313,-47.5983,0,0,0,1
8.97,15.6824,108.816,58.2511,-76.3002,-1.15344,-40.2177,0,0,0,1
8.98,16.7614,106.815,57.342,-105.518,-1.51767,-32.703,0,0,0,1
8.99,17.8187,104.466,56.1408,-132.996,-1.8075,-25.683,0,0,0,1
9,18.8507,101.776,54.6821,-157.036,-2.03133,-19.4299,0,0,0,1
9.01,19.8542,98.7544,53.0001,-179.219,-2.1961,-13.4509,0,0,0,1
9.02,20.8258,95.4105,51.0978,-202.253,-2.30035,-7.04616,0,0,0,1
9.03,21.7624,91.7555,48.955,-226.754,-2.33703,-0.159734,0,0,0,1
9.04,22.6609,87.8014,46.5627,-250.498,-2.30354,6.42374,0,0,0,1
9.05,23.5184,83.5609,43.945,-270.696,-2.20855,11.6927,0,0,0,1
9.06,24.3321,79.048,41.1488,-286.557,-2.06969,15.1434,0,0,0,1
9.07,25.0994,74.2773,38.2139,-299.506,-1.90568,16.9703,0,0,0,1
9.08,25.8177,69.2645,35.1586,-311.192,-1.73028,17.7201,0,0,0,1
9.09,26.4847,64.0259,31.9901,-321.618,-1.55128,17.8546,0,0,0,1
9.1,27.0982,58.5785,28.7263,-329.304,-1.37319,17.5337,0,0,0,1
9.11,27.6563,52.9402,25.404,-333.604,-1.20061,16.6323,0,0,0,1
9.12,28.157,47.1292,22.0542,-337.974,-1.04054,14.9186,0,0,0,1
9.13,28.5988,41.1647,18.6445,-350.857,-0.902235,12.3411,0,0,0,1
9.14,28.9803,35.066,15.0371,-377.396,-0.793722,9.29674,0,0,0,1
9.15,29.3002,28.853,11.0966,-399.598,-0.7163,6.70402,0,1,0,1
9.16,29.5574,22.546,7.0451,-365.013,-0.659641,5.82253,0,0,0,1
9.17,29.7511,16.1655,3.79632,-220.404,-0.599849,7.88384,0,0,0,1
9.18,29.8807,9.73238,2.63702,15.4645,-0.501965,13.5388,0,0,0,1
9.19,29.9457,3.26755,4.10561,225.774,-0.329073,22.2595,0,0,0,1
9.2,29.946,-3.20788,7.15249,284.879,-0.0567739,32.2124,1,0,0,1
9.21,29.8816,-9.67279,9.80319,181.939,0.315175,40.9609,0,0,0,1
9.22,29.7526,-16.1061,10.7913,27.9858,0.762445,46.6318,0,0,0,1
9.23,29.5594,-22.4868,10.3629,-60.1224,1.24781,48.6832,0,0,0,1
9.24,29.3028,-28.7941,9.58882,-54.1545,1.73611,47.7535,0,0,0,1
9.25,28.9836,-35.0073,9.27981,0.894864,2.20288,44.9691,0,0,0,1
9.26,28.6027,-41.1062,9.60672,54.4234,2.63549,41.2786,0,0,0,1
9.27,28.1614,-47.0709,10.3683,85.9199,3.02845,36.9531,0,0,0,1
9.28,27.6613,-52.8819,11.3251,97.876,3.37455,31.445,0,0,0,1
9.29,27.1038,-58.5201,12.3258,98.4783,3.65735,23.9271,0,0,0,1
9.3,26.4909,-63.9674,13.2947,93.6023,3.85309,14.2872,0,0,0,1
9.31,25.8245,-69.2057,14.1978,86.4309,3.9431,3.63816,0,0,0,1
9.32,25.1068,-74.2181,15.0233,78.4075,3.92586,-6.35971,0,0,0,1
9.33,24.3401,-78.9881,15.766,69.4284,3.8159,-14.79,0,0,0,1
9.34,23.527,-83.5001,16.4119,58.2618,3.63006,-22.0298,0,0,0,1
9.35,22.6701,-87.7396,16.9312,43.9339,3.37531,-29.0194,0,0,0,1
9.36,21.7722,-91.6927,17.2905,27.1496,3.04967,-36.1274,0,0,0,1
9.37,20.8362,-95.3464,17.4742,10.2149,2.65276,-42.7844,0,0,0,1
9.38,19.8653,-98.689,17.4948,-4.6785,2.19398,-48.0795,0,0,0,1
9.39,18.8625,-101.709,17.3807,-17.1065,1.69117,-51.5435,0,0,0,1
9.4,17.8311,-104.398,17.1527,-28.2993,1.16311,-53.386,0,0,0,1
9.41,16.7745,-106.746,16.8147,-39.4865,0.62345,-54.1788,0,0,0,1
9.42,15.6962,-108.746,16.363,-50.5491,0.0795342,-54.4539,0,0,0,1
9.43,14.5996,-110.391,15.8037,-60.3053,-0.465627,-54.5307,0,0,0,1
9.44,13.4883,-111.676,15.1569,-67.8495,-1.01108,-54.548,0,0,0,1
9.45,12.3661,-112.596,14.4467,-73.3628,-1.55659,-54.5511,0,0,0,1
9.46,11.2364,-113.15,13.6896,-77.6989,-2.1021,-54.5516,0,0,0,1
9.47,10.1031,-113.335,12.8927,-81.4474,-2.64762,-54.5517,0,0,0,1
9.48,8.96972,-113.15,12.0607,-84.4437,-3.19314,-54.5519,0,0,0,1
9.49,7.84008,-112.596,11.2038,-85.9531,-3.73866,-54.5518,0,0,0,1
9.5,6.71781,-111.674,10.3416,-85.1636,-4.28417,-54.5504,0,0,0,1
9.51,5.60659,-110.389,9.50057,-81.6801,-4.82966,-54.5418,0,0,0,1
9.52,4.51003,-108.743,8.70801,-75.887,-5.37501,-54.5035,0,0,0,1
9.53,3.43172,-106.743,7.98283,-68.9236,-5.91973,-54.3661,0,0,0,1
9.54,2.37517,-104.395,7.32954,-62.0571,-6.46233,-53.9698,0,0,0,1
9.55,1.34382,-101.706,6.74169,-55.8364,-6.99913,-53.0483,0,0,0,1
9.56,0.341054,-98.6849,6.21281,-49.8553,-7.5233,-51.3126,0,0,0,1
9.57,-0.629872,-95.3419,5.74458,-43.4173,-8.02538,-48.6438,0,0,0,1
9.58,-1.56578,-91.6877,5.34447,-36.3988,-8.49617,-45.2225,0,0,0,1
9.59,-2.46363,-87.7342,5.01661,-29.3802,-8.92983,-41.3497,0,0,0,1
9.6,-3.32047,-83.4942,4.75686,-22.9413,-9.32317,-36.9847,0,0,0,1
9.61,-4.13351,-78.9817,4.55778,-16.9552,-9.66953,-31.4684,0,0,0,1
9.62,-4.9001,-74.2113,4.41776,-10.7083,-9.95254,-23.9394,0,0,0,1
9.63,-5.61774,-69.1985,4.34362,-3.72624,-10.1483,-14.2581,0,0,0,1
9.64,-6.28407,-63.9597,4.34323,3.64995,-10.2377,-3.46833,0,0,0,1
9.65,-6.89693,-58.512,4.41661,10.6323,-10.2177,6.9285,0,0,0,1
9.66,-7.45431,-52.8733,4.55588,16.8804,-10.0991,16.2826,0,0,0,1
9.67,-7.95439,-47.0618,4.75422,22.8724,-9.89203,25.2619,0,0,0,1
9.68,-8.39555,-41.0967,5.01333,29.341,-9.59389,34.9348,0,0,0,1
9.69,-8.77633,-34.9973,5.34104,36.4847,-9.19333,45.5252,0,0,0,1
9.7,-9.09549,-28.7837,5.74302,43.9295,-8.68339,56.2658,0,0,0,1
9.71,-9.352,-22.476,6.21963,51.5292,-8.06802,66.5033,0,0,0,1
9.72,-9.54501,-16.0948,6.77361,60.0446,-7.35332,76.7412,0,0,0,1
9.73,-9.6739,-9.66106,7.42052,70.7148,-6.53319,88.2947,0,0,0,1
9.74,-9.73823,-3.19571,8.1879,83.9636,-5.58743,101.781,0,0,0,1
9.75,-9.73781,3.28016,9.09979,98.7159,-4.49758,116.113,0,0,0,1
9.76,-9.67263,9.74544,10.1622,113.396,-3.26517,129.237,0,0,0,1
9.77,-9.5429,16.179,11.3677,127.713,-1.91284,139.866,0,0,0,1
9.78,-9.34905,22.5599,12.7165,143.13,-0.46784,148.338,0,0,0,1
9.79,-9.0917,28.8674,14.2303,161.216,1.05391,155.776,0,0,0,1
9.8,-8.7717,35.0809,15.9408,181.537,2.64768,162.578,0,0,0,1
9.81,-8.39009,41.18,17.861,201.405,4.30548,167.575,0,0,0,1
9.82,-7.9481,47.145,19.9689,217.792,5.99917,168.23,0,0,0,1
9.83,-7.44719,52.9564,22.2169,229.425,7.67008,161.592,0,0,0,1
9.84,-6.88897,58.5952,24.5574,237.125,9.23102,145.821,0,0,0,1
9.85,-6.27528,64.043,26.9594,242.481,10.5865,121.843,0,0,0,1
9.86,-5.60811,69.2821,29.407,246.442,11.6679,93.6045,0,0,0,1
9.87,-4.88964,74.2954,31.8882,248.936,12.4586,65.6875,0,0,0,1
9.88,-4.12221,79.0665,34.3857,249.339,12.9816,39.8855,0,0,1,1
9.89,-3.30831,83.5798,36.875,247.139,13.2563,14.2648,0,0,0,1
9.9,-2.45061,87.8208,39.3285,242.384,13.2669,-13.9765,0,0,0,1
9.91,-1.5519,91.7754,41.7227,235.757,12.9768,-44.7244,0,0,0,1
9.92,-0.615103,95.4308,44.0436,228.077,12.3724,-74.1224,0,0,0,1
9.93,0.356719,98.7751,46.2842,219.364,11.4943,-97.2881,0,0,0,1
9.94,1.3604,101.797,48.4309,208.335,10.4267,-111.596,0,0,0,1
9.95,2.39267,104.488,50.4509,193.272,9.26241,-117.665,0,0,0,1
9.96,3.45015,106.837,52.2964,173.875,8.07338,-118.06,0,0,0,1
9.97,4.52942,108.839,53.9284,152.16,6.90121,-115.47,0,0,0,1
9.98,5.62693,110.485,55.3396,130.971,5.76397,-111.569,0,0,0,1
9.99,6.73912,111.772,56.5479,111.343,4.66984,-106.687,0,0,0,1
10,7.86236,112.693,57.5664,91.6561,3.63023,-100.248,0,0,0,1
10.01,8.99299,113.248,58.381,69.684,2.66488,-91.7615,0,0,0,1
10.02,10.1273,113.433,58.9601,45.2667,1.795,-81.7162,0,0,0,1
10.03,11.2617,113.248,59.2863,20.5489,1.03056,-71.5203,0,0,0,1
10.04,12.3923,112.694,59.3711,-2.55289,0.364592,-62.4667,0,0,0,1
10.05,13.5155,111.773,59.2353,-24.7615,-0.218779,-54.7524,0,0,0,1
10.06,14.6277,110.487,58.8759,-48.8159,-0.730455,-47.5824,0,0,0,1
10.07,15.7253,108.841,58.2589,-76.3018,-1.17043,-40.2019,0,0,0,1
10.08,16.8046,106.84,57.3498,-105.519,-1.53449,-32.6872,0,0,0,1
10.09,17.8621,104.491,56.1486,-132.997,-1.82417,-25.667,0,0,0,1
10.1,18.8944,101.801,54.6899,-157.038,-2.04783,-19.4138,0,0,0,1
10.11,19.8981,98.7793,53.0078,-179.221,-2.21245,-13.4346,0,0,0,1
10.12,20.87,95.4354,51.1055,-202.256,-2.31653,-7.02962,0,0,0,1
10.13,21.8068,91.7804,48.9627,-226.756,-2.35304,-0.142953,0,0,0,1
10.14,22.7056,87.8263,46.5703,-250.501,-2.31939,6.44075,0,0,0,1
10.15,23.5633,83.5858,43.9527,-270.699,-2.22422,11.7099,0,0,0,1
10.16,24.3773,79.0729,41.1563,-286.56,-2.08519,15.1608,0,0,0,1
10.17,25.1448,74.3022,38.2215,-299.51,-1.92101,16.9879,0,0,0,1
10.18,25.8633,69.2894,35.1662,-311.195,-1.74543,17.7379,0,0,0,1
10.19,26.5306,64.0508,31.9975,-321.622,-1.56625,17.8726,0,0,0,1
10.2,27.1444,58.6034,28.7337,-329.308,-1.38798,17.5519,0,0,0,1
10.21,27.7027,52.965,25.4114,-333.609,-1.21521,16.6506,0,0,0,1
10.22,28.2037,47.1541,22.0615,-337.979,-1.05496,14.9372,0,0,0,1
10.23,28.6457,41.1896,18.6518,-350.862,-0.916469,12.3599,0,0,0,1
10.24,29.0275,35.0909,15.0443,-377.401,-0.807765,9.31611,0,0,0,1
10.25,29.3476,28.8779,11.1038,-399.603,-0.730146,6.72397,0,1,0,1
10.26,29.605,22.5708,7.05225,-365.019,-0.673286,5.84307,0,0,0,1
10.27,29.799,16.1904,3.80341,-220.41,-0.613285,7.90497,0,0,0,1
10.28,29.9288,9.7572,2.64405,15.4585,-0.515186,13.5604,0,0,0,1
10.29,29.9941,3.29236,4.11258,225.768,-0.342076,22.2814,0,0,0,1
10.3,29.9947,-3.18308,7.1594,284.873,-0.0695576,32.2345,1,0,0,1
10.31,29.9305,-9.648,9.81003,181.933,0.302613,40.9832,0,0,0,1
10.32,29.8017,-16.0813,10.7981,27.9801,0.750107,46.6543,0,0,0,1
10.33,29.6088,-22.462,10.3696,-60.128,1.2357,48.7059,0,0,0,1
10.34,29.3525,-28.7693,9.5955,-54.1599,1.72423,47.7764,0,0,0,1
10.35,29.0334,-34.9825,9.28644,0.889519,2.19123,44.9922,0,0,0,1
10.36,28.6528,-41.0815,9.61329,54.4182,2.62407,41.3019,0,0,0,1
10.37,28.2118,-47.0462,10.3748,85.9148,3.01727,36.9767,0,0,0,1
10.38,27.7119,-52.8572,11.3316,97.871,3.3636,31.4688,0,0,0,1
10.39,27.1547,-58.4955,12.3322,98.4734,3.64664,23.951,0,0,0,1
10.4,26.542,-63.9427,13.3011,93.5975,3.84262,14.3114,0,0,0,1
10.41,25.8758,-69.1811,14.2042,86.4263,3.93287,3.66252,0,0,0,1
10.42,25.1584,-74.1935,15.0296,78.403,3.91587,-6.33514,0,0,0,1
10.43,24.3919,-78.9635,15.7722,69.4241,3.80617,-14.7652,0,0,0,1
10.44,23.5791,-83.4756,16.4181,58.2575,3.62057,-22.0048,0,0,0,1
10.45,22.7224,-87.7151,16.9374,43.9297,3.36607,-28.9942,0,0,0,1
10.46,21.8248,-91.6682,17.2967,27.1456,3.04069,-36.102,0,0,0,1
10.47,20.8891,-95.322,17.4803,10.211,2.64403,-42.7588,0,0,0,1
10.48,19.9183,-98.6645,17.5009,-4.68224,2.18551,-48.0536,0,0,0,1
10.49,18.9158,-101.685,17.3866,-17.1101,1.68296,-51.518,0,0,0,1
10.5,17.8846,-104.375,17.1587,-28.3028,1.15515,-53.3611,0,0,0,1
10.51,16.8283,-106.724,16.8206,-39.4899,0.615736,-54.1545,0,0,0,1
10.52,15.7502,-108.725,16.3689,-50.5524,0.0720595,-54.4303,0,0,0,1
10.53,14.6538,-110.371,15.8095,-60.3084,-0.47287,-54.5078,0,0,0,1
10.54,13.5427,-111.656,15.1627,-67.8526,-1.0181,-54.5258,0,0,0,1
10.55,12.4207,-112.578,14.4525,-73.3657,-1.56339,-54.5297,0,0,0,1
10.56,11.2912,-113.133,13.6954,-77.7019,-2.10869,-54.5307,0,0,0,1
10.57,10.158,-113.318,12.8985,-81.4506,-2.654,-54.5312,0,0,0,1
10.58,9.02483,-113.134,12.0664,-84.4472,-3.19931,-54.5312,0,0,0,1
10.59,7.89534,-112.58,11.2095,-85.9571,-3.74462,-54.5306,0,0,0,1
10.6,6.77323,-111.659,10.3472,-85.1681,-4.28993,-54.5284,0,0,0,1
10.61,5.66217,-110.373,9.50615,-81.685,-4.83519,-54.5187,0,0,0,1
10.62,4.56577,-108.727,8.71354,-75.8921,-5.3803,-54.4793,0,0,0,1
10.63,3.48763,-106.726,7.98831,-68.9287,-5.92478,-54.3407,0,0,0,1
10.64,2.43126,-104.376,7.33497,-62.062,-6.46711,-53.9433,0,0,0,1
10.65,1.40011,-101.686,6.74707,-55.8412,-7.00364,-53.0206,0,0,0,1
10.66,0.397533,-98.6645,6.21814,-49.8601,-7.52753,-51.2836,0,0,0,1
10.67,-0.573185,-95.3207,5.74987,-43.4221,-8.02932,-48.6136,0,0,0,1
10.68,-1.50888,-91.6655,5.3497,-36.4035,-8.4998,-45.191,0,0,0,1
10.69,-2.4065,-87.7111,5.0218,-29.3849,-8.93314,-41.3169,0,0,0,1
10.7,-3.2631,-83.4703,4.76201,-22.946,-9.32614,-36.9506,0,0,0,1
10.71,-4.0759,-78.9568,4.56288,-16.9599,-9.67215,-31.4329,0,0,0,1
10.72,-4.84224,-74.1855,4.42281,-10.713,-9.9548,-23.9025,0,0,0,1
10.73,-5.55961,-69.1717,4.34862,-3.73099,-10.1502,-14.2197,0,0,0,1
10.74,-6.22567,-63.932,4.34819,3.64512,-10.2392,-3.42841,0,0,0,1
10.75,-6.83825,-58.4834,4.42152,10.6274,-10.2188,6.96999,0,0,0,1
10.76,-7.39534,-52.8438,4.56074,16.8753,-10.0998,16.3257,0,0,0,1
10.77,-7.89513,-47.0314,4.75903,22.8672,-9.89225,25.3066,0,0,0,1
10.78,-8.33597,-41.0654,5.01808,29.3356,-9.59366,34.9813,0,0,0,1
10.79,-8.71643,-34.9651,5.34574,36.4792,-9.19263,45.5734,0,0,0,1
10.8,-9.03527,-28.7506,5.74766,43.9237,-8.68219,56.3159,0,0,0,1
10.81,-9.29144,-22.442,6.22421,51.5232,-8.06631,66.5552,0,0,0,1
10.82,-9.48411,-16.0599,6.77813,60.0384,-7.35108,76.795,0,0,0,1
10.83,-9.61264,-9.62531,7.42498,70.7083,-6.53041,88.3505,0,0,0,1
10.84,-9.67662,-3.1591,8.19229,83.9569,-5.58407,101.839,0,0,0,1
10.85,-9.67583,3.31762,9.10412,98.7089,-4.49363,116.173,0,0,0,1
10.86,-9.61027,9.78373,10.1665,113.389,-3.26062,129.298,0,0,0,1
10.87,-9.48015,16.2181,11.3719,127.706,-1.90767,139.93,0,0,0,1
10.88,-9.2859,22.5999,12.7206,143.123,-0.462013,148.404,0,0,0,1
10.89,-9.02815,28.9081,14.2343,161.209,1.06041,155.843,0,0,0,1
10.9,-8.70774,35.1223,15.9448,181.53,2.65485,162.647,0,0,0,1
10.91,-8.32571,41.2222,17.865,201.4,4.31334,167.643,0,0,0,1
10.92,-7.8833,47.1879,19.9728,217.788,6.00772,168.3,0,0,0,1
10.93,-7.38195,53,22.2207,229.422,7.67933,161.663,0,0,0,1
10.94,-6.8233,58.6394,24.5612,237.122,9.24099,145.894,0,0,0,1
10.95,-6.20916,64.0879,26.9632,242.478,10.5972,121.918,0,0,0,1
10.96,-5.54154,69.3276,29.4108,246.439,11.6793,93.6806,0,0,0,1
10.97,-4.82261,74.3415,31.892,248.933,12.4708,65.7647,0,0,0,1
10.98,-4.05471,79.1131,34.3894,249.335,12.9946,39.9637,0,0,1,1
10.99,-3.24035,83.6271,36.8787,247.135,13.2701,14.3441,0,0,0,1
11,-2.38217,87.8685,39.3321,242.38,13.2815,-13.8963,0,0,0,1
11.01,-1.48298,91.8236,41.7263,235.753,12.9922,-44.6434,0,0,0,1
11.02,-0.545697,95.4795,44.0472,228.072,12.3887,-74.0407,0,0,0,1
11.03,0.426614,98.8242,46.2877,219.359,11.5114,-97.2058,0,0,0,1
11.04,1.43079,101.847,48.4344,208.331,10.4445,-111.513,0,0,0,1
11.05,2.46355,104.538,50.4543,193.267,9.2811,-117.582,0,0,0,1
11.06,3.52154,106.888,52.2997,173.869,8.0929,-117.977,0,0,0,1
11.07,4.60131,108.89,53.9317,152.154,6.92155,-115.388,0,0,0,1
11.08,5.69933,110.536,55.3428,130.965,5.78514,-111.486,0,0,0,1
11.09,6.81204,111.823,56.551,111.336,4.69183,-106.604,0,0,0,1
11.1,7.93579,112.745,57.5695,91.6491,3.65305,-100.165,0,0,0,1
11.11,9.06694,113.3,58.384,69.6764,2.68853,-91.6788,0,0,0,1
11.12,10.2018,113.485,58.963,45.2586,1.81948,-81.6333,0,0,0,1
11.13,11.3366,113.301,59.2892,20.5403,1.05586,-71.4373,0,0,0,1
11.14,12.4678,112.747,59.3738,-2.56209,0.390731,-62.3835,0,0,0,1
11.15,13.5916,111.826,59.2379,-24.7713,-0.191807,-54.6689,0,0,0,1
11.16,14.7043,110.541,58.8784,-48.8263,-0.702647,-47.4987,0,0,0,1
11.17,15.8024,108.895,58.2614,-76.3129,-1.14178,-40.1179,0,0,0,1
11.18,16.8822,106.894,57.3522,-105.531,-1.505,-32.6028,0,0,0,1
11.19,17.9403,104.545,56.1508,-133.01,-1.79384,-25.5824,0,0,0,1
11.2,18.9731,101.856,54.692,-157.051,-2.01665,-19.3279,0,0,0,1
11.21,19.9774,98.8341,53.0098,-179.235,-2.1804,-13.3466,0,0,0,1
11.22,20.9498,95.4905,51.1073,-202.27,-2.28358,-6.93944,0,0,0,1
11.23,21.8872,91.8359,48.9644,-226.771,-2.31918,-0.0506206,0,0,0,1
11.24,22.7865,87.882,46.5719,-250.516,-2.2846,6.53521,0,0,0,1
11.25,23.6448,83.6419,43.954,-270.715,-2.18848,11.8065,0,0,0,1
11.26,24.4594,79.1292,41.1576,-286.577,-2.04847,15.2595,0,0,0,1
11.27,25.2274,74.3587,38.2225,-299.527,-1.88329,17.0887,0,0,0,1
11.28,25.9465,69.3459,35.167,-311.213,-1.70669,17.8408,0,0,0,1
11.29,26.6143,64.1071,31.9982,-321.641,-1.52647,17.9776,0,0,0,1
11.3,27.2287,58.6594,28.7342,-329.328,-1.34714,17.6591,0,0,0,1
11.31,27.7875,53.0206,25.4117,-333.63,-1.17329,16.7598,0,0,0,1
11.32,28.2891,47.209,22.0616,-338.002,-1.01194,15.0484,0,0,0,1
11.33,28.7317,41.2437,18.6516,-350.886,-0.872325,12.473,0,0,0,1
11.34,29.114,35.1439,15.0439,-377.426,-0.762483,9.43008,0,0,0,1
11.35,29.4346,28.9296,11.1031,-399.629,-0.683724,6.83838,0,1,0,1
11.36,29.6926,22.6212,7.05131,-365.045,-0.625716,5.95812,0,0,0,1
11.37,29.887,16.2393,3.80221,-220.437,-0.564561,8.02082,0,0,0,1
11.38,30.0173,9.80483,2.64258,15.4312,-0.4653,13.6772,0,0,0,1
11.39,30.0831,3.33864,4.11083,225.74,-0.291017,22.3992,0,0,0,1
11.4,30.0841,-3.13813,7.15738,284.844,-0.0173159,32.3532,1,0,0,1
11.41,30.0203,-9.60437,9.80772,181.904,0.356047,41.1029,0,0,0,1
11.42,29.892,-16.039,10.7955,27.9502,0.804742,46.7758,0,0,0,1
11.43,29.6996,-22.421,10.3667,-60.1602,1.29156,48.8302,0,0,0,1
11.44,29.4436,-28.7296,9.59226,-54.1935,1.78135,47.9023,0,0,0,1
11.45,29.125,-34.9441,9.28286,0.855575,2.24961,45.1181,0,0,0,1
11.46,28.7447,-41.0443,9.60937,54.3839,2.68371,41.4278,0,0,0,1
11.47,28.3041,-47.0103,10.3705,85.8803,3.07816,37.1025,0,0,0,1
11.48,27.8045,-52.8226,11.327,97.8362,3.42576,31.5945,0,0,0,1
11.49,27.2476,-58.4621,12.3273,98.4385,3.71005,24.0765,0,0,0,1
11.5,26.6353,-63.9106,13.2957,93.5625,3.90729,14.4366,0,0,0,1
11.51,25.9694,-69.1503,14.1985,86.3913,3.99879,3.7875,0,0,0,1
11.52,25.2523,-74.1639,15.0236,78.3679,3.98304,-6.21049,0,0,0,1
11.53,24.4861,-78.9352,15.7659,69.389,3.87458,-14.641,0,0,0,1
11.54,23.6736,-83.4486,16.4114,58.2225,3.69022,-21.881,0,0,0,1
11.55,22.8172,-87.6894,16.9303,43.8947,3.43696,-28.8708,0,0,0,1
11.56,21.9198,-91.6438,17.2892,27.1106,3.1128,-35.9791,0,0,0,1
11.57,20.9843,-95.2989,17.4725,10.176,2.71737,-42.6364,0,0,0,1
11.58,20.0138,-98.6428,17.4928,-4.71719,2.26007,-47.9318,0,0,0,1
11.59,19.0114,-101.665,17.3782,-17.145,1.75874,-51.3963,0,0,0,1
11.6,17.9805,-104.355,17.1499,-28.3376,1.23215,-53.2391,0,0,0,1
11.61,16.9244,-106.704,16.8114,-39.5247,0.693956,-54.0323,0,0,0,1
11.62,15.8464,-108.705,16.3594,-50.5871,0.151503,-54.3078,0,0,0,1
11.63,14.7502,-110.352,15.7997,-60.3431,-0.392201,-54.3851,0,0,0,1
11.64,13.6394,-111.638,15.1525,-67.8872,-0.9362,-54.4029,0,0,0,1
11.65,12.5175,-112.56,14.4419,-73.4003,-1.48026,-54.4065,0,0,0,1
11.66,11.3882,-113.115,13.6845,-77.7362,-2.02433,-54.4074,0,0,0,1
11.67,10.2552,-113.301,12.8872,-81.4848,-2.56841,-54.4078,0,0,0,1
11.68,9.12217,-113.117,12.0548,-84.4814,-3.11248,-54.4074,0,0,0,1
11.69,7.99285,-112.564,11.1976,-85.9913,-3.65656,-54.4063,0,0,0,1
11.7,6.8709,-111.642,10.335,-85.2022,-4.20061,-54.4035,0,0,0,1
11.71,5.76,-110.357,9.49355,-81.7186,-4.74463,-54.3936,0,0,0,1
11.72,4.66377,-108.711,8.70061,-75.9254,-5.28848,-54.3539,0,0,0,1
11.73,3.58579,-106.71,7.97505,-68.9618,-5.8317,-54.215,0,0,0,1
11.74,2.52956,-104.361,7.32137,-62.0951,-6.37278,-53.8174,0,0,0,1
11.75,1.49856,-101.672,6.73314,-55.8743,-6.90805,-52.8944,0,0,0,1
11.76,0.496123,-98.6508,6.20389,-49.8931,-7.43067,-51.1572,0,0,0,1
11.77,-0.47446,-95.3075,5.73528,-43.4549,-7.9312,-48.487,0,0,0,1
11.78,-1.41003,-91.6529,5.33479,-36.4363,-8.40041,-45.0641,0,0,0,1
11.79,-2.30752,-87.6991,5.00656,-29.4176,-8.83248,-41.1898,0,0,0,1
11.8,-3.16401,-83.4588,4.74644,-22.9787,-9.22421,-36.8232,0,0,0,1
11.81,-3.9767,-78.946,4.54698,-16.9925,-9.56894,-31.3053,0,0,0,1
11.82,-4.74293,-74.1752,4.40659,-10.7456,-9.85031,-23.7746,0,0,0,1
11.83,-5.4602,-69.1621,4.33207,-3.76351,-10.0444,-14.0915,0,0,0,1
11.84,-6.12617,-63.9231,4.33132,3.61267,-10.1321,-3.29997,0,0,0,1
11.85,-6.73866,-58.4751,4.40432,10.595,-10.1104,7.0987,0,0,0,1
11.86,-7.29567,-52.8361,4.54322,16.843,-9.99017,16.4547,0,0,0,1
11.87,-7.79538,-47.0245,4.74118,22.8349,-9.78134,25.4359,0,0,0,1
11.88,-8.23616,-41.0591,4.99991,29.3034,-9.48145,35.1108,0,0,0,1
11.89,-8.61657,-34.9595,5.32725,36.447,-9.07912,45.7033,0,0,0,1
11.9,-8.93535,-28.7457,5.72886,43.8917,-8.56739,56.446,0,0,0,1
11.91,-9.19148,-22.4379,6.20509,51.4912,-7.9502,66.6857,0,0,0,1
11.92,-9.38411,-16.0566,6.75868,60.0065,-7.23367,76.9258,0,0,0,1
11.93,-9.51261,-9.6227,7.40521,70.6765,-6.41169,88.4816,0,0,0,1
11.94,-9.57656,-3.15719,8.17221,83.9251,-5.46404,101.97,0,0,0,1
11.95,-9.57576,3.31884,9.08372,98.6772,-4.37228,116.305,0,0,0,1
11.96,-9.51019,9.7843,10.1458,113.357,-3.13795,129.431,0,0,0,1
11.97,-9.38007,16.2181,11.3509,127.674,-1.78367,140.063,0,0,0,1
11.98,-9.18583,22.5992,12.6992,143.091,-0.336693,148.537,0,0,0,1
11.99,-8.92809,28.9069,14.2127,161.176,1.18706,155.977,0,0,0,1
12,-8.60769,35.1206,15.9228,181.498,2.78285,162.782,0,0,0,1
12.01,-8.22567,41.2199,17.8426,201.367,4.4427,167.78,0,0,0,1
12.02,-7.78329,47.1851,19.9501,217.755,6.13844,168.437,0,0,0,1
12.03,-7.28197,52.9967,22.1977,229.388,7.81143,161.802,0,0,0,1
12.04,-6.72335,58.6358,24.5379,237.088,9.37448,146.033,0,0,0,1
12.05,-6.10926,64.0839,26.9395,242.443,10.7321,122.057,0,0,0,1
12.06,-5.44168,69.3232,29.3867,246.405,11.8156,93.82,0,0,0,1
12.07,-4.72279,74.3366,31.8676,248.896,12.6085,65.904,0,0,0,1
12.08,-3.95494,79.1072,34.3647,249.287,13.1337,40.1014,0,0,1,1
12.09,-3.14065,83.6169,36.8533,247.03,13.4105,14.4733,0,0,0,1
12.1,-2.28261,87.8416,39.3053,242.055,13.4232,-13.7989,0,0,0,1
12.11,-1.38381,91.7403,41.6944,234.731,13.1345,-44.6417,0,0,0,1
12.12,-0.447801,95.2355,43.9999,225.236,12.5303,-74.2705,0,0,0,1
12.13,0.520895,98.1927,46.1991,212.584,11.6491,-97.8891,0,0,0,1
12.14,1.51605,100.412,48.2516,194.334,10.5726,-112.914,0,0,0,1
12.15,2.52914,101.652,50.0858,167.918,9.39086,-119.885,0,0,0,1
12.16,3.5491,101.673,51.6099,132.92,8.17486,-121.136,0,0,0,1
12.17,4.56261,100.292,52.7442,92.0603,6.96814,-119.041,0,0,0,1
12.18,5.55494,97.4066,53.4511,49.4237,5.79404,-115.006,0,0,0,1
12.19,6.51074,92.9944,53.7327,7.44987,4.66801,-109.275,0,0,0,1
12.2,7.41483,87.0969,53.6001,-34.1692,3.60854,-101.375,0,0,0,1
12.21,8.25268,79.8012,53.0493,-76.6089,2.64051,-91.0225,0,0,0,1
12.22,9.01085,71.2289,52.0679,-119.339,1.78809,-78.8761,0,0,0,1
12.23,9.67726,61.5295,50.6625,-159.801,1.06299,-66.4229,0,0,0,1
12.24,10.2414,50.8769,48.8719,-195.589,0.45963,-55.0275,0,0,0,1
12.25,10.6948,39.4658,46.7508,-226.522,-0.0375616,-45.0756,0,0,0,1
12.26,11.0308,27.5077,44.3415,-254.196,-0.441883,-36.0653,0,0,0,1
12.27,11.245,15.2268,41.6668,-279.533,-0.758867,-27.4574,0,0,0,1
12.28,11.3353,2.85498,38.7508,-301.166,-0.991031,-19.322,0,0,0,1
12.29,11.3021,-9.37222,35.6435,-316.508,-1.14531,-12.1623,0,0,0,1
12.3,11.1478,-21.2211,32.4207,-324.206,-1.23428,-6.27941,0,1,0,1
12.31,10.8776,-32.4643,29.1594,-325.17,-1.27089,-1.47261,0,0,0,1
12.32,10.4986,-42.8855,25.9173,-321.28,-1.26373,2.6479,0,0,0,1
12.33,10.0199,-52.2845,22.7338,-313.488,-1.21794,6.18816,0,0,0,1
12.34,9.45287,-60.4804,19.6475,-301.393,-1.13997,8.87862,0,0,0,1
12.35,8.81031,-67.3165,16.7059,-284.365,-1.04036,10.3939,0,0,0,1
12.36,8.10654,-72.6627,13.9602,-262.72,-0.932088,10.6891,0,0,0,1
12.37,7.35706,-76.4185,11.4516,-237.801,-0.826583,10.0422,0,0,0,1
12.38,6.57817,-78.5156,9.20418,-211.19,-0.731244,8.85711,0,0,0,1
12.39,5.78674,-78.9197,7.22775,-184.116,-0.649441,7.46568,0,0,0,1
12.4,4.99978,-77.6308,5.52185,-157.834,-0.581931,6.0617,0,0,0,1
12.41,4.23413,-74.6831,4.07108,-135.089,-0.528206,4.73586,0,0,0,1
12.42,3.50612,-70.145,2.82007,-122.103,-0.487213,3.53382,0,0,0,1
12.43,2.83123,-64.1215,1.62902,-128.196,-0.45753,2.49244,0,0,0,1
12.44,2.22369,-56.7626,0.25614,-157,-0.437365,1.64921,0,0,0,1
12.45,1.69597,-48.291,-1.51098,-187.889,-0.424546,1.02974,0,0,0,1
12.46,1.25787,-39.0597,-3.50163,-167.614,-0.41677,0.628908,0,0,0,1
12.47,0.914781,-29.6136,-4.86326,-46.0167,-0.411968,0.406292,0,0,0,1
12.48,0.665598,-20.6873,-4.42197,153.471,-0.408644,0.301871,0,0,0,1
12.49,0.501035,-13.0653,-1.79384,313.77,-0.40593,0.261018,0,0,0,1
12.5,0.404293,-7.31295,1.85344,316.683,-0.403424,0.247701,1,0,0,1
12.51,0.354776,-3.55173,4.53983,162.775,-0.400976,0.24395,0,0,0,1
12.52,0.333258,-1.4564,5.10894,-28.6704,-0.398545,0.243833,0,0,0,1
12.53,0.325648,-0.475413,3.96642,-139.635,-0.3961,0.245353,0,0,0,1
12.54,0.32375,-0.0937981,2.31624,-146.011,-0.393638,0.246704,0,0,0,1
12.55,0.323772,0.0284667,1.0462,-97.663,-0.391166,0.247522,0,0,0,1
12.56,0.324319,0.0605468,0.362984,-47.9946,-0.388687,0.247199,0,0,0,1
12.57,0.324983,0.067497,0.0863034,-18.2023,-0.386222,0.245983,0,0,0,1
12.58,0.325669,0.0688792,-0.00106331,-5.48311,-0.383768,0.24482,0,0,0,1
12.59,0.32636,0.0692394,-0.0233587,-1.37184,-0.381325,0.24368,0,0,0,1
12.6,0.327054,0.0694934,-0.0285,-0.33712,-0.378894,0.242543,0,0,0,1
12.61,0.32775,0.0697391,-0.0301011,-0.130924,-0.376474,0.241406,0,0,0,1
12.62,0.328449,0.0699809,-0.0311185,-0.0976149,-0.374066,0.240271,0,0,0,1
12.63,0.32915,0.0702201,-0.0320534,-0.0929275,-0.371669,0.239371,0,0,0,1
12.64,0.329853,0.0704572,-0.032977,-0.0923291,-0.369278,0.23887,0,0,0,1
12.65,0.330559,0.0706922,-0.0339,-0.0923463,-0.366891,0.238589,0,0,0,1
12.66,0.331267,0.0709252,-0.034824,-0.0924593,-0.364507,0.238379,0,0,0,1
12.67,0.331977,0.0711562,-0.0357492,-0.09259,-0.362124,0.238193,0,0,0,1
12.68,0.33269,0.0713851,-0.0366758,-0.0927238,-0.359743,0.238014,0,0,0,1
12.69,0.333405,0.0716119,-0.0376037,-0.0928573,-0.357364,0.237841,0,0,0,1
12.7,0.334122,0.0718366,-0.0385329,-0.0929895,-0.354986,0.237671,0,0,0,1
12.71,0.334842,0.0720592,-0.0394635,-0.0931204,-0.35261,0.237505,0,0,0,1
12.72,0.335564,0.0722797,-0.0403953,-0.09325,-0.350236,0.237343,0,0,0,1
12.73,0.336287,0.072498,-0.0413285,-0.0933781,-0.347863,0.237184,0,0,0,1
12.74,0.337014,0.0727141,-0.0422629,-0.0935049,-0.345492,0.23703,0,0,0,1
12.75,0.337742,0.0729281,-0.0431986,-0.0936303,-0.343123,0.236879,0,0,0,1
12.76,0.338472,0.0731399,-0.0441355,-0.0937544,-0.340755,0.236732,0,0,0,1
12.77,0.339205,0.0733495,-0.0450737,-0.093877,-0.338388,0.236589,0,0,0,1
12.78,0.339939,0.0735568,-0.046013,-0.0939982,-0.336023,0.23645,0,0,0,1
12.79,0.340676,0.0737619,-0.0469536,-0.0941181,-0.333659,0.236314,0,0,0,1
12.8,0.341414,0.0739647,-0.0478954,-0.0942365,-0.331297,0.236183,0,0,0,1
12.81,0.342155,0.0741653,-0.0488383,-0.0943536,-0.328935,0.236055,0,0,0,1
12.82,0.342898,0.0743635,-0.0497825,-0.0944693,-0.326575,0.235931,0,0,0,1
12.83,0.343642,0.0745595,-0.0507277,-0.0945835,-0.324217,0.235812,0,0,0,1
12.84,0.344389,0.0747531,-0.0516741,-0.0946963,-0.321859,0.235696,0,0,0,1
12.85,0.345137,0.0749443,-0.0526217,-0.0948077,-0.319503,0.235584,0,0,0,1
12.86,0.345888,0.0751333,-0.0535703,-0.0949177,-0.317148,0.235476,0,0,0,1
12.87,0.34664,0.0753198,-0.05452,-0.0950263,-0.314793,0.235372,0,0,0,1
12.88,0.347394,0.0755039,-0.0554708,-0.0951334,-0.31244,0.235272,0,0,0,1
12.89,0.34815,0.0756856,-0.0564227,-0.0952391,-0.310088,0.235176,0,0,0,1
12.9,0.348908,0.0758649,-0.0573756,-0.0953434,-0.307737,0.235084,0,0,0,1
12.91,0.349667,0.0760417,-0.0583296,-0.0954462,-0.305386,0.234996,0,0,0,1
12.92,0.350429,0.0762161,-0.0592845,-0.0955476,-0.303037,0.234912,0,0,0,1
12.93,0.351192,0.076388,-0.0602405,-0.0956476,-0.300688,0.234832,0,0,0,1
12.94,0.351956,0.0765574,-0.0611975,-0.095746,-0.29834,0.234756,0,0,0,1
12.95,0.352723,0.0767243,-0.0621554,-0.0958431,-0.295993,0.234684,0,0,0,1
12.96,0.353491,0.0768886,-0.0631143,-0.0959386,-0.293646,0.234617,0,0,0,1
12.97,0.354261,0.0770504,-0.0640742,-0.0960327,-0.291301,0.234553,0,0,0,1
12.98,0.355032,0.0772096,-0.065035,-0.0961254,-0.288955,0.234493,0,0,0,1
12.99,0.355805,0.0773662,-0.0659967,-0.0962165,-0.286611,0.234438,0,0,0,1
13,0.356579,0.0775203,-0.0669593,-0.0963062,-0.284267,0.234387,0,0,0,1
13.01,0.357355,0.0776717,-0.0679228,-0.0963944,-0.281923,0.23434,0,0,0,1
13.02,0.358133,0.0778205,-0.0688872,-0.0964811,-0.27958,0.234297,0,0,0,1
13.03,0.358912,0.0779666,-0.0698525,-0.0965663,-0.277237,0.234258,0,0,0,1
13.04,0.359692,0.07811,-0.0708185,-0.09665,-0.274895,0.234223,0,0,0,1
13.05,0.360474,0.0782508,-0.0717855,-0.0967322,-0.272553,0.234193,0,0,0,1
13.06,0.361257,0.0783888,-0.0727532,-0.0968129,-0.270211,0.234166,0,0,0,1
13.07,0.362042,0.0785242,-0.0737217,-0.0968921,-0.267869,0.234144,0,0,0,1
13.08,0.362828,0.0786567,-0.074691,-0.0969697,-0.265528,0.234126,0,0,0,1
13.09,0.363615,0.0787866,-0.0756611,-0.0970459,-0.263187,0.234113,0,0,0,1
13.1,0.364403,0.0789136,-0.0766319,-0.0971205,-0.260846,0.234103,0,0,0,1
13.11,0.365193,0.0790379,-0.0776035,-0.0971936,-0.258505,0.234098,0,0,0,1
13.12,0.365984,0.0791593,-0.0785758,-0.0972652,-0.256164,0.234097,0,0,0,1
13.13,0.366776,0.0792779,-0.0795488,-0.0973352,-0.253823,0.2341,0,0,0,1
13.14,0.36757,0.0793936,-0.0805225,-0.0974036,-0.251482,0.234108,0,0,0,1
13.15,0.368364,0.0795065,-0.0814969,-0.0974705,-0.249141,0.23412,0,0,0,1
13.16,0.36916,0.0796165,-0.0824719,-0.0975359,-0.246799,0.234136,0,0,0,1
13.17,0.369956,0.0797236,-0.0834476,-0.0975997,-0.244458,0.234156,0,0,0,1
13.18,0.370754,0.0798278,-0.0844239,-0.0976619,-0.242116,0.234181,0,0,0,1
13.19,0.371553,0.079929,-0.0854008,-0.0977225,-0.239774,0.23421,0,0,0,1
13.2,0.372353,0.0800273,-0.0863784,-0.0977816,-0.237432,0.234244,0,0,0,1
13.21,0.373154,0.0801226,-0.0873565,-0.0978391,-0.235089,0.234281,0,0,0,1
13.22,0.373955,0.0802149,-0.0883352,-0.097895,-0.232746,0.234324,0,0,0,1
13.23,0.374758,0.0803042,-0.0893144,-0.0979493,-0.230403,0.23437,0,0,0,1
13.24,0.375561,0.0803904,-0.0902941,-0.098002,-0.228059,0.234421,0,0,0,1
13.25,0.376366,0.0804736,-0.0912744,-0.0980531,-0.225714,0.234476,0,0,0,1
13.26,0.377171,0.0805538,-0.0922552,-0.0981025,-0.223369,0.234536,0,0,0,1
13.27,0.377977,0.0806308,-0.0932365,-0.0981504,-0.221024,0.2346,0,0,0,1
13.28,0.378783,0.0807048,-0.0942182,-0.0981966,-0.218677,0.234668,0,0,0,1
13.29,0.379591,0.0807756,-0.0952004,-0.0982412,-0.21633,0.234741,0,0,0,1
13.3,0.380399,0.0808433,-0.096183,-0.0982842,-0.213983,0.234818,0,0,0,1
13.31,0.381208,0.0809078,-0.0971661,-0.0983255,-0.211634,0.2349,0,0,0,1
13.32,0.382017,0.0809691,-0.0981495,-0.0983652,-0.209285,0.234986,0,0,0,1
13.33,0.382827,0.0810273,-0.0991334,-0.0984033,-0.206934,0.235077,0,0,0,1
13.34,0.383638,0.0810822,-0.100118,-0.0984396,-0.204583,0.235172,0,0,0,1
13.35,0.384449,0.0811339,-0.101102,-0.0984743,-0.202231,0.235271,0,0,0,1
13.36,0.38526,0.0811823,-0.102087,-0.0985074,-0.199878,0.235375,0,0,0,1
13.37,0.386072,0.0812275,-0.103072,-0.0985387,-0.197523,0.235484,0,0,0,1
13.38,0.386885,0.0812694,-0.104058,-0.0985684,-0.195168,0.235597,0,0,0,1
13.39,0.387698,0.0813079,-0.105044,-0.0985964,-0.192811,0.235714,0,0,0,1
13.4,0.388511,0.0813432,-0.10603,-0.0986227,-0.190454,0.235836,0,0,0,1
13.41,0.389325,0.081375,-0.107016,-0.0986472,-0.188095,0.235963,0,0,0,1
13.42,0.390138,0.0814036,-0.108003,-0.0986701,-0.185734,0.236094,0,0,0,1
13.43,0.390953,0.0814287,-0.10899,-0.0986913,-0.183373,0.23623,0,0,0,1
13.44,0.391767,0.0814504,-0.109977,-0.0987107,-0.18101,0.23637,0,0,0,1
13.45,0.392582,0.0814687,-0.110964,-0.0987284,-0.178645,0.236514,0,0,0,1
13.46,0.393396,0.0814836,-0.111951,-0.0987444,-0.17628,0.236663,0,0,0,1
13.47,0.394211,0.0814949,-0.112939,-0.0987586,-0.173912,0.236817,0,0,0,1
13.48,0.395026,0.0815028,-0.113926,-0.0987711,-0.171543,0.236976,0,0,0,1
13.49,0.395841,0.0815059,-0.114914,-0.0987769,-0.169173,0.237056,0,0,0,1
